Nr oferty w biurze ;date;imgs;tel;Piętro;Czynsz;Okna;Typ ogłoszeniodawcy;Rynek;Ogrzewanie;Materiał budynku;Rodzaj zabudowy;author;Miejsce parkingowe;Rok budowy;Stan wykończenia;Liczba pokoi;Dostępne od;Winda;Wyposażenie;Zabezpieczenia;Media;Balkon / ogród / taras;Informacje dodatkowe;Forma własności;full;Obsługa zdalna;Powierzchnia;Nr oferty w Otodom;Data dodania;Data aktualizacji
LDS-MS-512;20230720;"['https://ireland.apollo.olxcdn.com/v1/files/eyJmbiI6Ijdnc2J6azdhdzE3cjItQVBMIiwidyI6W3siZm4iOiJlbnZmcXFlMWF5NGsxLUFQTCIsInMiOiIxNCIsInAiOiIxMCwtMTAiLCJhIjoiMCJ9XX0.SNsot-9ekcHdH_vJXQ7PQmFdSSiq6DRZmdA_S8zVylY/image;s=184x138;q=80', 'https://ireland.apollo.olxcdn.com/v1/files/eyJmbiI6InJnOWNjcjhsd3A2Yy1BUEwiLCJ3IjpbeyJmbiI6ImVudmZxcWUxYXk0azEtQVBMIiwicyI6IjE0IiwicCI6IjEwLC0xMCIsImEiOiIwIn1dfQ.rDF8bJSYm1OFIXFHSdUp35VHeMlCUK1M-Jg1FaOVCkE/image;s=184x138;q=80', 'https://ireland.apollo.olxcdn.com/v1/files/eyJmbiI6InpnYmtjbzVsZ3pqYTMtQVBMIiwidyI6W3siZm4iOiJlbnZmcXFlMWF5NGsxLUFQTCIsInMiOiIxNCIsInAiOiIxMCwtMTAiLCJhIjoiMCJ9XX0._61IJTsSiFncxdIkZXuqFmJrQ9mbAfwfb298C--cVZI/image;s=184x138;q=80', 'https://ireland.apollo.olxcdn.com/v1/files/eyJmbiI6ImFiNzRpYmhsNDZkOS1BUEwiLCJ3IjpbeyJmbiI6ImVudmZxcWUxYXk0azEtQVBMIiwicyI6IjE0IiwicCI6IjEwLC0xMCIsImEiOiIwIn1dfQ.Qi2Sb1NN8ozBjOwIL64-rBDKR3TfJgTua37IAt8jvfo/image;s=184x138;q=80', 'https://ireland.apollo.olxcdn.com/v1/files/eyJmbiI6InUwaHAxaXk4cmRlODEtQVBMIiwidyI6W3siZm4iOiJlbnZmcXFlMWF5NGsxLUFQTCIsInMiOiIxNCIsInAiOiIxMCwtMTAiLCJhIjoiMCJ9XX0.UWppQLQyQUkFRZQQTqlXGbJzB844NJTDnfIiyd9_5To/image;s=184x138;q=80', 'https://ireland.apollo.olxcdn.com/v1/files/eyJmbiI6ImdzY3lnYm5veXQxajMtQVBMIiwidyI6W3siZm4iOiJlbnZmcXFlMWF5NGsxLUFQTCIsInMiOiIxNCIsInAiOiIxMCwtMTAiLCJhIjoiMCJ9XX0.U-GGAeI7nLGFFJYFcgWyybtzCHydtDJU1Cf640ZoPgs/image;s=184x138;q=80', 'https://ireland.apollo.olxcdn.com/v1/files/eyJmbiI6InBuNjMxZnVieml6MDMtQVBMIiwidyI6W3siZm4iOiJlbnZmcXFlMWF5NGsxLUFQTCIsInMiOiIxNCIsInAiOiIxMCwtMTAiLCJhIjoiMCJ9XX0.Wf-YLPqRYstM-_ql7bmZKWV2dgNHy8ba5v52aEHrd_c/image;s=184x138;q=80', 'https://ireland.apollo.olxcdn.com/v1/files/eyJmbiI6Inl4ZHFzbWg5NDViaDItQVBMIiwidyI6W3siZm4iOiJlbnZmcXFlMWF5NGsxLUFQTCIsInMiOiIxNCIsInAiOiIxMCwtMTAiLCJhIjoiMCJ9XX0.fVdA3zQ1YQ3gH7-K-VMPkmHgw4gSBPnq19uoapZU5Gw/image;s=184x138;q=80', 'https://ireland.apollo.olxcdn.com/v1/files/eyJmbiI6InU2ZDliOGE4NWFxdDItQVBMIiwidyI6W3siZm4iOiJlbnZmcXFlMWF5NGsxLUFQTCIsInMiOiIxNCIsInAiOiIxMCwtMTAiLCJhIjoiMCJ9XX0.lW54a-jRHTp1ZjVXbNnoq8tklWkI8gxoA0bctSAQsck/image;s=184x138;q=80', 'https://ireland.apollo.olxcdn.com/v1/files/eyJmbiI6InI3ZWxmdXFrOGNxNjItQVBMIiwidyI6W3siZm4iOiJlbnZmcXFlMWF5NGsxLUFQTCIsInMiOiIxNCIsInAiOiIxMCwtMTAiLCJhIjoiMCJ9XX0.PozTSptdd6pm8VKurNC-IuyQ1gDdZTxZ5MZ1m1zPL34/image;s=184x138;q=80', 'https://ireland.apollo.olxcdn.com/v1/files/eyJmbiI6ImNxbWI2dndwa2IwNzItQVBMIiwidyI6W3siZm4iOiJlbnZmcXFlMWF5NGsxLUFQTCIsInMiOiIxNCIsInAiOiIxMCwtMTAiLCJhIjoiMCJ9XX0.no-8EPGbHB_uDP4wCbpFoYsIQbsLonXTvcdk9KWagGg/image;s=184x138;q=80', 'https://ireland.apollo.olxcdn.com/v1/files/eyJmbiI6InVheWRleXg5aXI2cy1BUEwiLCJ3IjpbeyJmbiI6ImVudmZxcWUxYXk0azEtQVBMIiwicyI6IjE0IiwicCI6IjEwLC0xMCIsImEiOiIwIn1dfQ.4mROYaF4yNqvr-9rRpR9gpRGEwCed2NRm3neyLJIhy4/image;s=184x138;q=80', 'https://ireland.apollo.olxcdn.com/v1/files/eyJmbiI6ImxpdmFnMWdiNTFzcTEtQVBMIiwidyI6W3siZm4iOiJlbnZmcXFlMWF5NGsxLUFQTCIsInMiOiIxNCIsInAiOiIxMCwtMTAiLCJhIjoiMCJ9XX0.1gIBR2_PNY2oriInbnNjnaHg4BL8zwE4LfmbkJzxpxk/image;s=184x138;q=80', 'https://ireland.apollo.olxcdn.com/v1/files/eyJmbiI6InJqaGY0NDM4YXRzbC1BUEwiLCJ3IjpbeyJmbiI6ImVudmZxcWUxYXk0azEtQVBMIiwicyI6IjE0IiwicCI6IjEwLC0xMCIsImEiOiIwIn1dfQ.57346gLggwMr-z9i8vXEAK9dhLvMQPUX-jsgA6yMGiU/image;s=184x138;q=80']";42 676 03 11;3;Zapytaj;brak informacji;biuro nieruchomości;wtórny;Zapytaj;brak informacji;brak informacji;Aleksandra Landers;Zapytaj;brak informacji;Zapytaj;1;brak informacji;nie;brak informacji;brak informacji;brak informacji;Zapytaj;brak informacji;Zapytaj;"W ofercie kawalerki inwestycyjne na sprzedaż!
Wspaniała lokalizacja i innowacyjna inicjatywa!
Celem jest stworzenie miejsca dla inwestorów. Mieszkania typowo pod wynajem krótko lub długoterminowy.
Ze względu na wyjątkowe przeznaczenie budynku, aranżacja i wykończenie części wspólnych będzie podkreślała i wyróżniała charakter tego miejsca poprzez:
-murale,
-zagospodarowanie dziedzińca zielenią i zaaranżowanie miejsc do spotkań,
-ogródki dla mieszkań parterowych,
-szczególną staranność i jakość wykonania, aby każdy zapragnął tam zamieszkać,
-ogrzewanie miejskie,
-rozkład i powierzchnię lokali
Spowoduje to zwiększenie rentowności dla właścicieli mieszkań i skróci okres ewentualnych pustostanów.
Dla właściciela jest to wyjątkowe przedsięwzięcie, inwestycja, która zostanie wizytówką przyszłych realizacji i okolicy.
Dlatego stosuje on rozwiązania, których próżno szukać gdzie indziej:
-dostosowanie całego budynku do obecnych standardów ppoż - stropy zespolone, płyty systemu promat,
-okna wyposażone w pakiety 3-szybowe i nawiewniki,
-całkowicie nowy dach,
-wymienione wszystkie instalacje; hydrauliczna, elektryczna itp,
-przez ostatni rok trwały prace głównie nad elementami konstrukcyjnymi budynku - dużo betonu i stali aby stał spokojnie przez kolejne stulecia,
-każdy element budynku został przejrzany i jeśli potrzeba naprawiony, odtworzono izolację poziomą poprzez iniekcję,
-wykonano odkrywki fundamentów i wzmocniono je żelbetem.
Efektem prac ma być budynek 4 kondygnacyjny (3 piętrowy).
Składający się z budynku frontowego - zakładane zakończenie prac październik/listopad 22 r.
Oddanie mieszkań do remontu nowym właścicielom na piętrach 0, 1,2 - w toku
Piętro 3-cie - listopad 22 r. (po odbiorach przez PINB)
Kolejnym elementem składowym jest budynek oficyny w kształcie litery L, oraz wykończeniem części wspólnych - planowane zakończenie prac nad tą częścią - początek 2go kwartału 23 r. - do tego czasu podwórko będzie oddzielone 2ga bramą w celu zapewnienia komfortu mieszkańcom.
Ostatnim etapem jest zagospodarowanie podwórza - do końca 2go kwartału 23 r.
Przed obejrzeniem nieruchomości z klientem oglądającym podpisywana jest umowa pośrednictwa.
Zapraszamy na prezentację!";Zapytaj;22,5 m²;63565091;9 miesięcy temu;23 godziny temu
;20230720;"['https://ireland.apollo.olxcdn.com/v1/files/eyJmbiI6Imk4ZjZlc2hqeXN0cjEtQVBMIiwidyI6W3siZm4iOiJlbnZmcXFlMWF5NGsxLUFQTCIsInMiOiIxNCIsInAiOiIxMCwtMTAiLCJhIjoiMCJ9XX0.3PyHPABIdgW7KyapOLHO6ERJzDATneuIrCXUpdFsupk/image;s=184x138;q=80', 'https://ireland.apollo.olxcdn.com/v1/files/eyJmbiI6Imt3anpqcG9wemp6djItQVBMIiwidyI6W3siZm4iOiJlbnZmcXFlMWF5NGsxLUFQTCIsInMiOiIxNCIsInAiOiIxMCwtMTAiLCJhIjoiMCJ9XX0.u-61SKKP1DqxK5zyCXSBLn-3rlSpr1CvDOd9pYDOwek/image;s=184x138;q=80', 'https://ireland.apollo.olxcdn.com/v1/files/eyJmbiI6ImdsbjljYWd0azd0bi1BUEwiLCJ3IjpbeyJmbiI6ImVudmZxcWUxYXk0azEtQVBMIiwicyI6IjE0IiwicCI6IjEwLC0xMCIsImEiOiIwIn1dfQ.PKOUACLNl7XILEsP7LzQXLQrb48Dy0yRVMrakRC54Tk/image;s=184x138;q=80', 'https://ireland.apollo.olxcdn.com/v1/files/eyJmbiI6InNzMHRlcDBhbHlwYTEtQVBMIiwidyI6W3siZm4iOiJlbnZmcXFlMWF5NGsxLUFQTCIsInMiOiIxNCIsInAiOiIxMCwtMTAiLCJhIjoiMCJ9XX0.koMGxMLbOHJHWn_blTkk43kYYWMPw-YQigxd-0ZhSRE/image;s=184x138;q=80', 'https://ireland.apollo.olxcdn.com/v1/files/eyJmbiI6InQ0bWd6czBkaWR5dy1BUEwiLCJ3IjpbeyJmbiI6ImVudmZxcWUxYXk0azEtQVBMIiwicyI6IjE0IiwicCI6IjEwLC0xMCIsImEiOiIwIn1dfQ.n6WqRODr5gzg-XtJ2b3jUSgQcUfqtEnhBXLS36jzlQI/image;s=184x138;q=80', 'https://ireland.apollo.olxcdn.com/v1/files/eyJmbiI6ImcwcHJrNmJ0MnZ6eDItQVBMIiwidyI6W3siZm4iOiJlbnZmcXFlMWF5NGsxLUFQTCIsInMiOiIxNCIsInAiOiIxMCwtMTAiLCJhIjoiMCJ9XX0.G1fHyIn6wBHSi9tWqJxZFOGCklHMR3S-De_sf1DHx_4/image;s=184x138;q=80', 'https://ireland.apollo.olxcdn.com/v1/files/eyJmbiI6IndiZjU5YTJpODZqai1BUEwiLCJ3IjpbeyJmbiI6ImVudmZxcWUxYXk0azEtQVBMIiwicyI6IjE0IiwicCI6IjEwLC0xMCIsImEiOiIwIn1dfQ.TLnPRMr4JX_xXvu3i_sU7RnlYoHmZCBYiJmxfktwA0o/image;s=184x138;q=80', 'https://ireland.apollo.olxcdn.com/v1/files/eyJmbiI6IjFzbTdveGI0dDM5dTEtQVBMIiwidyI6W3siZm4iOiJlbnZmcXFlMWF5NGsxLUFQTCIsInMiOiIxNCIsInAiOiIxMCwtMTAiLCJhIjoiMCJ9XX0.fsyb5lFVO7bEjz-zKuSKw_FA3wRXTOcFG7LetDtbGw4/image;s=184x138;q=80', 'https://ireland.apollo.olxcdn.com/v1/files/eyJmbiI6ImdvbHRzcm44dmplMDMtQVBMIiwidyI6W3siZm4iOiJlbnZmcXFlMWF5NGsxLUFQTCIsInMiOiIxNCIsInAiOiIxMCwtMTAiLCJhIjoiMCJ9XX0.Z3zPfMmmT_2Z-xbTIQ4zM4N5ti3ReUMugaDimdyW4YI/image;s=184x138;q=80', 'https://ireland.apollo.olxcdn.com/v1/files/eyJmbiI6Im56MmNzcmtuMDE4ODItQVBMIiwidyI6W3siZm4iOiJlbnZmcXFlMWF5NGsxLUFQTCIsInMiOiIxNCIsInAiOiIxMCwtMTAiLCJhIjoiMCJ9XX0.TaAQtcSqwtSMX-xwOPkmYnLPup3G8drVomKeuTOKr70/image;s=184x138;q=80', 'https://ireland.apollo.olxcdn.com/v1/files/eyJmbiI6ImVuZXR0MjN1OTZ6MDEtQVBMIiwidyI6W3siZm4iOiJlbnZmcXFlMWF5NGsxLUFQTCIsInMiOiIxNCIsInAiOiIxMCwtMTAiLCJhIjoiMCJ9XX0.FMxV6gH4W1XVZNAtKQCxLjCCGJoC2wrRBZ9Ah_tsgzY/image;s=184x138;q=80', 'https://ireland.apollo.olxcdn.com/v1/files/eyJmbiI6ImduZTQwNHZsdXZscTItQVBMIiwidyI6W3siZm4iOiJlbnZmcXFlMWF5NGsxLUFQTCIsInMiOiIxNCIsInAiOiIxMCwtMTAiLCJhIjoiMCJ9XX0.-XXEqoEhTMhnEMyObucelrYn-2LlXGgTOZDPfYGkbAc/image;s=184x138;q=80', 'https://ireland.apollo.olxcdn.com/v1/files/eyJmbiI6IjdoejRucjk4dmFiYzItQVBMIiwidyI6W3siZm4iOiJlbnZmcXFlMWF5NGsxLUFQTCIsInMiOiIxNCIsInAiOiIxMCwtMTAiLCJhIjoiMCJ9XX0.ki9qkI1-h4JN1Vih8lLBL-9SdY-675M8M6h4oBE2NyU/image;s=184x138;q=80', 'https://ireland.apollo.olxcdn.com/v1/files/eyJmbiI6ImJxOGhsZGtmbjYwODItQVBMIiwidyI6W3siZm4iOiJlbnZmcXFlMWF5NGsxLUFQTCIsInMiOiIxNCIsInAiOiIxMCwtMTAiLCJhIjoiMCJ9XX0.CdKUzevXDas2MWcwBlDBW5gvTol4oR292O-lq24cTO4/image;s=184x138;q=80', 'https://ireland.apollo.olxcdn.com/v1/files/eyJmbiI6InJsc2h4ZnJpZjBnYTMtQVBMIiwidyI6W3siZm4iOiJlbnZmcXFlMWF5NGsxLUFQTCIsInMiOiIxNCIsInAiOiIxMCwtMTAiLCJhIjoiMCJ9XX0.LYAiq5WkwWKDX8GiLX3Xe3eZfbMNdOOfmEFGrss0QZM/image;s=184x138;q=80', 'https://ireland.apollo.olxcdn.com/v1/files/eyJmbiI6IndxZzhwN3ZseWk5cTEtQVBMIiwidyI6W3siZm4iOiJlbnZmcXFlMWF5NGsxLUFQTCIsInMiOiIxNCIsInAiOiIxMCwtMTAiLCJhIjoiMCJ9XX0.Ki0TPSaX7qRWdjQoAlh0c7f4XwIvYDuhcM5Akczj0GQ/image;s=184x138;q=80', 'https://ireland.apollo.olxcdn.com/v1/files/eyJmbiI6ImVpcTVxNW1obTJyczItQVBMIiwidyI6W3siZm4iOiJlbnZmcXFlMWF5NGsxLUFQTCIsInMiOiIxNCIsInAiOiIxMCwtMTAiLCJhIjoiMCJ9XX0.N4KAQaKjam0vlUHxRO3BRWNAtLkEq9dMlryjNP0vZWE/image;s=184x138;q=80', 'https://ireland.apollo.olxcdn.com/v1/files/eyJmbiI6IjAxNDdsOG8wbzl1azItQVBMIiwidyI6W3siZm4iOiJlbnZmcXFlMWF5NGsxLUFQTCIsInMiOiIxNCIsInAiOiIxMCwtMTAiLCJhIjoiMCJ9XX0.kl_bNmKty-bku5qbPaVl2IfMvfcfBfVF8g5TNmKuZzo/image;s=184x138;q=80', 'https://ireland.apollo.olxcdn.com/v1/files/eyJmbiI6Iml3dmFoa2xodDg5ZTItQVBMIiwidyI6W3siZm4iOiJlbnZmcXFlMWF5NGsxLUFQTCIsInMiOiIxNCIsInAiOiIxMCwtMTAiLCJhIjoiMCJ9XX0.vKURR66OJ1kvMklbEPovWthtzSTpH3kU6uaoQVOp6dg/image;s=184x138;q=80']";605 225 376;4/4;500 zł;plastikowe;prywatny;wtórny;miejskie;wielka płyta;blok;Paweł;Zapytaj;1964;do zamieszkania;2;brak informacji;nie;brak informacji;domofon / wideofon;telewizja kablowa, internet;balkon;piwnica;spółdzielcze wł. prawo do lokalu;"Sprzedam bezpośrednio dwupokojowe, spółdzielcze własnościowe mieszkanie w Łodzi na osiedlu Teofilów, przy ul. Łanowej 6. Powierzchnia mieszkania to 37,30 m2 (2 pokoje w amfiladzie z kuchnią i łazienką) plus balkon oraz piwnica przynależna do lokalu. Mieszkanie znajduje się na czwartym piętrze w czteropiętrowym bloku z 1964 roku. Okna kuchenne wychodzą na wschód, a okna w dużym pokoju (balkonowym) oraz w sypialni na zachód. Opłaty za dwie osoby (czynsz wraz z funduszem remontowym plus energia, woda i wywóz śmieci) to około 500pln miesięcznie. Blok przy Łanowej 6 jest usytuowany w bardzo spokojnej, zielonej okolicy, w pobliżu pełna infrastruktura (sklepy, ryneczek, poczta, przychodnia lekarska, apteka, przystanki autobusowe i tramwajowe)
Wymieniona instalacja elektryczna. W pokojach gładź- wystarczy odmalować.
Mieszkanie idealne pod wynajem- obecny najemca mieszka tam od wielu lat :)
Cena 239.000 pln. (do negocjacji)";Zapytaj;37,3 m²;64190997;2 miesiące temu;23 godziny temu
;20230720;"['https://ireland.apollo.olxcdn.com/v1/files/eyJmbiI6Imt5ZG44NDA4MDNjYjEtQVBMIiwidyI6W3siZm4iOiJlbnZmcXFlMWF5NGsxLUFQTCIsInMiOiIxNCIsInAiOiIxMCwtMTAiLCJhIjoiMCJ9XX0.L5hAFK8yOCgGY7ltEU3JKeor2rJgc4k7EDrBEK-r4io/image;s=184x138;q=80', 'https://ireland.apollo.olxcdn.com/v1/files/eyJmbiI6Imdoa3U3bm42c3c2cTEtQVBMIiwidyI6W3siZm4iOiJlbnZmcXFlMWF5NGsxLUFQTCIsInMiOiIxNCIsInAiOiIxMCwtMTAiLCJhIjoiMCJ9XX0.axmqTLmdNO0TPC451yDRX-LEA9qQDyREbdkg5q5l9uM/image;s=184x138;q=80', 'https://ireland.apollo.olxcdn.com/v1/files/eyJmbiI6ImcydzRscHVneG1ybjMtQVBMIiwidyI6W3siZm4iOiJlbnZmcXFlMWF5NGsxLUFQTCIsInMiOiIxNCIsInAiOiIxMCwtMTAiLCJhIjoiMCJ9XX0.5LhJGTvtW7X5D8yQ1MF2ruyzIRug86ZbVPES5zH_2fQ/image;s=184x138;q=80', 'https://ireland.apollo.olxcdn.com/v1/files/eyJmbiI6IjlvYnoxbnJncTVhOC1BUEwiLCJ3IjpbeyJmbiI6ImVudmZxcWUxYXk0azEtQVBMIiwicyI6IjE0IiwicCI6IjEwLC0xMCIsImEiOiIwIn1dfQ.ehlQGhTmlOkZkCYymb1QdS1amteeKOJ8Rr-DDIc8ytk/image;s=184x138;q=80', 'https://ireland.apollo.olxcdn.com/v1/files/eyJmbiI6InlmMWJ1dzIzanprdTMtQVBMIiwidyI6W3siZm4iOiJlbnZmcXFlMWF5NGsxLUFQTCIsInMiOiIxNCIsInAiOiIxMCwtMTAiLCJhIjoiMCJ9XX0.r_cNePaEgyUx8kD9BsDKLoMWj_PaCn7zmitB6cHpjY0/image;s=184x138;q=80', 'https://ireland.apollo.olxcdn.com/v1/files/eyJmbiI6Im41OTBlbjZ4dXJydDMtQVBMIiwidyI6W3siZm4iOiJlbnZmcXFlMWF5NGsxLUFQTCIsInMiOiIxNCIsInAiOiIxMCwtMTAiLCJhIjoiMCJ9XX0._KDFoBV0L4EAFTp4euiE6EE9JoBJvTKYgfwAdoH4-sY/image;s=184x138;q=80', 'https://ireland.apollo.olxcdn.com/v1/files/eyJmbiI6InR4amg4amV6aXk4MjMtQVBMIiwidyI6W3siZm4iOiJlbnZmcXFlMWF5NGsxLUFQTCIsInMiOiIxNCIsInAiOiIxMCwtMTAiLCJhIjoiMCJ9XX0.A1kLcVnYAUjt81hUT40Jrjp7IP4h-lDJvdyXjs3K6PM/image;s=184x138;q=80', 'https://ireland.apollo.olxcdn.com/v1/files/eyJmbiI6Inp4NnMxOWJpbWFxcTEtQVBMIiwidyI6W3siZm4iOiJlbnZmcXFlMWF5NGsxLUFQTCIsInMiOiIxNCIsInAiOiIxMCwtMTAiLCJhIjoiMCJ9XX0.DIRtDeaUcoXsKDLld1j9DBpsUwJZSs5kmWF2iBhrkMc/image;s=184x138;q=80', 'https://ireland.apollo.olxcdn.com/v1/files/eyJmbiI6IjdpdGo4MzR4MnMxbTEtQVBMIiwidyI6W3siZm4iOiJlbnZmcXFlMWF5NGsxLUFQTCIsInMiOiIxNCIsInAiOiIxMCwtMTAiLCJhIjoiMCJ9XX0.Cjy4Fi_3DuU5y7PQi6rcS8BtqCTRsIAsinRW76tSjXE/image;s=184x138;q=80', 'https://ireland.apollo.olxcdn.com/v1/files/eyJmbiI6IjRjY3lmbWVrMW94Zy1BUEwiLCJ3IjpbeyJmbiI6ImVudmZxcWUxYXk0azEtQVBMIiwicyI6IjE0IiwicCI6IjEwLC0xMCIsImEiOiIwIn1dfQ.RCr_R_F6BNlWB8DXOSFBqi4id5TgXswMiyaUb6gJ56I/image;s=184x138;q=80', 'https://ireland.apollo.olxcdn.com/v1/files/eyJmbiI6ImI5MHg0NzE0ZWN6YS1BUEwiLCJ3IjpbeyJmbiI6ImVudmZxcWUxYXk0azEtQVBMIiwicyI6IjE0IiwicCI6IjEwLC0xMCIsImEiOiIwIn1dfQ.C84I6M3L_zU99iuuZtvESKasDFe5FteqFT8mbbmLvsc/image;s=184x138;q=80', 'https://ireland.apollo.olxcdn.com/v1/files/eyJmbiI6Im1mNDVvbWY1cjJyaDEtQVBMIiwidyI6W3siZm4iOiJlbnZmcXFlMWF5NGsxLUFQTCIsInMiOiIxNCIsInAiOiIxMCwtMTAiLCJhIjoiMCJ9XX0.6tpSsUNaisQ078raqS6O6bNHwo7lyyWnJmAbVq9bzg4/image;s=184x138;q=80', 'https://ireland.apollo.olxcdn.com/v1/files/eyJmbiI6InpzeGk3bHgza2s1Zi1BUEwiLCJ3IjpbeyJmbiI6ImVudmZxcWUxYXk0azEtQVBMIiwicyI6IjE0IiwicCI6IjEwLC0xMCIsImEiOiIwIn1dfQ.XvKE3Y09zlcz6CTlh0zVlA80TqefKetID7_Sw_6k4Jc/image;s=184x138;q=80', 'https://ireland.apollo.olxcdn.com/v1/files/eyJmbiI6IjFsY2Fyenp5c2M4ejItQVBMIiwidyI6W3siZm4iOiJlbnZmcXFlMWF5NGsxLUFQTCIsInMiOiIxNCIsInAiOiIxMCwtMTAiLCJhIjoiMCJ9XX0.ihd5-9jdISSmBztk06fAYvOSm5rySZE083Au1KDouOc/image;s=184x138;q=80', 'https://ireland.apollo.olxcdn.com/v1/files/eyJmbiI6InozdW1kcTd4cXk0aDMtQVBMIiwidyI6W3siZm4iOiJlbnZmcXFlMWF5NGsxLUFQTCIsInMiOiIxNCIsInAiOiIxMCwtMTAiLCJhIjoiMCJ9XX0.J2F0Vk9mURPa-qiSU9F9Ru6YLFCyq2-qVB-7t-CpRlU/image;s=184x138;q=80']";535 878 535;1/2;Zapytaj;aluminiowe;prywatny;pierwotny;gazowe;pustak;szeregowiec;Patrycja;garaż/miejsce parkingowe;2021;do wykończenia;4;2023-06-20;nie;brak informacji;system alarmowy, teren zamknięty, domofon / wideofon, monitoring / ochrona;telewizja kablowa, internet;taras;brak informacji;pełna własność;"Apartamenty Żołnierska 12A - Apartament AA.2

Szanowni Państwo,
Apartamenty Żołnierska to nowa inwestycja w zielonej części Łodzi, na Polesiu. W zabudowie szeregowej powstało 20 przestronnych apartamentów – na parterze z ogródkiem, a na piętrze z tarasem. Materiały wysokiej jakości, prosta bryła i nowoczesny design to idealny początek realizacji marzeń o własnym mieszkaniu w cichej i przyjaznej okolicy.
Nieruchomość składa się z 20 apartamentów o powierzchni od 66,1 m2 do 108,5 m2. Nasi Klienci znajdą tu wygodne 2-, 3- i 4-pokojowe mieszkania z ogródkami oraz pięknymi przeszklonymi tarasami i południową wystawą okien, co zapewnia jasne i doświetlone wnętrze o każdej porze roku. Do każdego z apartamentów  przynależą dwa samodzielne miejsca postojowe, tak aby zapewnić każdemu właścicielowi mieszkania najwyższy komfort logistyczny i komunikacyjny.
Apartamenty zostały wykonane z materiałów najwyższej jakości. W standardzie naszej inwestycji są między innymi niskoemisyjne otwierane i przesuwne okna tzw. HS, ogrzewanie podłogowe, okablowanie pod instalację systemu alarmowego czy sieć domofonowa ze sterowaniem furtki i bramy wjazdowej na osiedle.
Apartamenty zaprojektowano w taki sposób, by spełniały potrzeby najbardziej wymagających Klientów, którzy chcą czuć się swobodnie, a zarazem cenią sobie doskonałą jakość i wysoki standard wykończenia. Mamy świadomość, że rynek pierwotny powinien wyróżniać się najwyższym poziomem świadczonych usług, dlatego naszym najistotniejszym priorytetem jest satysfakcja oraz komfort życia przyszłych mieszkańców nowych mieszkań.
  Ulica Żołnierska zapewnia dogodny dojazd do centrum, a ilość terenów zielonych w okolicy stwarza wspaniałe warunki do rekreacji i wypoczynku. W sąsiedztwie istnieje pełna infrastruktura - szkoły, drogi, sieć sklepów, przystanki komunikacji miejskiej, baseny i wiele innych.
  Apartament AA.2
Powierzchnia 88,63 m2
Cena apartamentu 753 355,00 zł
Cena miejsc parkingowych 44.000 zł
Łącznie  797 355,00 zł
  W celu poznania szczegółów zapraszamy do zapoznania się naszą stroną: apartamentyzolnierska.eu lub do kontaktu:
  Biuro sprzedaży
Ul. Rewolucji 1905. 49a/109
90-215 Łódź
Godziny: 10:00–16:00
  Telefon: 535 878 535
 ";Zapytaj;88,63 m²;64335148;1 miesiąc temu;23 godziny temu
N+339728;20230720;"['https://ireland.apollo.olxcdn.com/v1/files/eyJmbiI6IjM4N3lpMHlidWQzNDItQVBMIiwidyI6W3siZm4iOiJlbnZmcXFlMWF5NGsxLUFQTCIsInMiOiIxNCIsInAiOiIxMCwtMTAiLCJhIjoiMCJ9XX0.RGOvjAdBLux1Af22cCUlyvBA4oQMMMwIT0PJtTzWagU/image;s=184x138;q=80', 'https://ireland.apollo.olxcdn.com/v1/files/eyJmbiI6ImV5N28wdDQ4eWt1bjItQVBMIiwidyI6W3siZm4iOiJlbnZmcXFlMWF5NGsxLUFQTCIsInMiOiIxNCIsInAiOiIxMCwtMTAiLCJhIjoiMCJ9XX0.SBQQmphHG1JfiKjrZn9bUbWDNGx-m8i8l2h22iovF8Y/image;s=184x138;q=80', 'https://ireland.apollo.olxcdn.com/v1/files/eyJmbiI6Inpka25xbnRkOGRwdzEtQVBMIiwidyI6W3siZm4iOiJlbnZmcXFlMWF5NGsxLUFQTCIsInMiOiIxNCIsInAiOiIxMCwtMTAiLCJhIjoiMCJ9XX0.qKc1tk9ETlsMrZYWRp9_4glvXTzwLPJf348Ksk218jM/image;s=184x138;q=80', 'https://ireland.apollo.olxcdn.com/v1/files/eyJmbiI6InFndXU4dnFxZzlqMjMtQVBMIiwidyI6W3siZm4iOiJlbnZmcXFlMWF5NGsxLUFQTCIsInMiOiIxNCIsInAiOiIxMCwtMTAiLCJhIjoiMCJ9XX0.wBRiRRRZ5ZZ2-AUTQRQ9Mbz3ALyMsxfII3F1FRdXMnA/image;s=184x138;q=80', 'https://ireland.apollo.olxcdn.com/v1/files/eyJmbiI6ImN4cjM5YnduZmNjOS1BUEwiLCJ3IjpbeyJmbiI6ImVudmZxcWUxYXk0azEtQVBMIiwicyI6IjE0IiwicCI6IjEwLC0xMCIsImEiOiIwIn1dfQ.fxIZd5LARzV-U4J4BofghXBg7WKH9TIepyFSToi9tFU/image;s=184x138;q=80', 'https://ireland.apollo.olxcdn.com/v1/files/eyJmbiI6IjNzOWFsNTBreHdvMjMtQVBMIiwidyI6W3siZm4iOiJlbnZmcXFlMWF5NGsxLUFQTCIsInMiOiIxNCIsInAiOiIxMCwtMTAiLCJhIjoiMCJ9XX0.yyDQK2AMx23zNNXemTmQdt0sQcT670oS7aAbPkJo8es/image;s=184x138;q=80']";22 102 46 04;parter/10;Zapytaj;plastikowe;biuro nieruchomości;pierwotny;Zapytaj;brak informacji;apartamentowiec;Piotr Steć;garaż/miejsce parkingowe;2024;do wykończenia;3;2024-12-31;tak;brak informacji;drzwi / okna antywłamaniowe, teren zamknięty, monitoring / ochrona;telewizja kablowa, internet;balkon, ogródek, taras;pom. użytkowe;Zapytaj;"Nowa inwestycja na mapie Łodzi

Przedsprzedaż mieszkań - wybierz najkorzystniejszy układ mieszkania i kup taniej (rabat na mieszkanie do 31.07, umowa deweloperska 0 zł)

Mieszkania z widokiem na przestrzeń i tereny zielone 

0% prowizji i 0% podatku PCC


Zainteresowany? Zadzwoń +48 22 102 46 29

CO WYRÓŻNIA INWESTYCJĘ:


Stojaki rowerowe

Stacja ładowania samochodów elektrycznych

Miejsca naziemne oraz w hali garażowej

Ciche i szybkie windy do poziomu hali garażowej

Dostępne komórki lokatorskie

Elegancko zagospodarowane części wspólne - zielone nasadzenia, liczne alejki i ławki

Opcja zamontowania systemu inteligentnego domu

Zakończenie budowy: IV kw. 2024 roku


LOKALIZACJA:


Liczne sklepy, hipermarkety i punkty handlowo-usługowe

Żłobki, przedszkola, szkoły oraz uczelnie wyższe

Przechodnia i szpital

Tereny zielone - Park na Zdrowiu, Ogród Botaniczny, ZOO

Przystanek tramwajowy

Przystanek autobusowy

Bliskość do A1 i A2 i drogi krajowej 91


KONTAKT:
Zainteresowany szczegółami?
Zadzwoń teraz: +48 22 102 46 29";Zapytaj;48,92 m²;64432618;23 godziny temu;23 godziny temu
N+345651;20230720;"['https://ireland.apollo.olxcdn.com/v1/files/eyJmbiI6ImltcGN5aTg4eXp5YzEtQVBMIiwidyI6W3siZm4iOiJlbnZmcXFlMWF5NGsxLUFQTCIsInMiOiIxNCIsInAiOiIxMCwtMTAiLCJhIjoiMCJ9XX0.5VtelhmCykneNIIyq0jkZEz1CMwV1VL6_8Lp_Fpuu-g/image;s=184x138;q=80', 'https://ireland.apollo.olxcdn.com/v1/files/eyJmbiI6InBucjZzbmlxeGk1aTMtQVBMIiwidyI6W3siZm4iOiJlbnZmcXFlMWF5NGsxLUFQTCIsInMiOiIxNCIsInAiOiIxMCwtMTAiLCJhIjoiMCJ9XX0.vuru4S7gMInf6P8P02Ohjh1N6DnIhHMk3CijGvmX0UQ/image;s=184x138;q=80', 'https://ireland.apollo.olxcdn.com/v1/files/eyJmbiI6IjdmODZsMTlnb2gwcjMtQVBMIiwidyI6W3siZm4iOiJlbnZmcXFlMWF5NGsxLUFQTCIsInMiOiIxNCIsInAiOiIxMCwtMTAiLCJhIjoiMCJ9XX0.O1zEQVYf04uG9eH8X5SgZ1gFPci8pYa_DXDBNvb4n34/image;s=184x138;q=80', 'https://ireland.apollo.olxcdn.com/v1/files/eyJmbiI6InN3dm94dzVoOGt4NTItQVBMIiwidyI6W3siZm4iOiJlbnZmcXFlMWF5NGsxLUFQTCIsInMiOiIxNCIsInAiOiIxMCwtMTAiLCJhIjoiMCJ9XX0.XhtR5EkKi1XrA51ybb8iNPHx14gsDMzarkjSUIKrhco/image;s=184x138;q=80']";22 102 46 04;1/10;Zapytaj;plastikowe;biuro nieruchomości;pierwotny;Zapytaj;brak informacji;apartamentowiec;Piotr Steć;garaż/miejsce parkingowe;2024;do wykończenia;2;2024-12-31;tak;brak informacji;drzwi / okna antywłamaniowe, teren zamknięty, monitoring / ochrona;telewizja kablowa, internet;balkon, ogródek, taras;pom. użytkowe;Zapytaj;"Nowa inwestycja na mapie Łodzi

Przedsprzedaż mieszkań - wybierz najkorzystniejszy układ mieszkania i kup taniej (rabat na mieszkanie do 31.07, umowa deweloperska 0 zł)

Mieszkania z widokiem na przestrzeń i tereny zielone 

0% prowizji i 0% podatku PCC


Zainteresowany? Zadzwoń +48 22 102 46 29

CO WYRÓŻNIA INWESTYCJĘ:


Stojaki rowerowe

Stacja ładowania samochodów elektrycznych

Miejsca naziemne oraz w hali garażowej

Ciche i szybkie windy do poziomu hali garażowej

Dostępne komórki lokatorskie

Elegancko zagospodarowane części wspólne - zielone nasadzenia, liczne alejki i ławki

Opcja zamontowania systemu inteligentnego domu

Zakończenie budowy: IV kw. 2024 roku


LOKALIZACJA:


Liczne sklepy, hipermarkety i punkty handlowo-usługowe

Żłobki, przedszkola, szkoły oraz uczelnie wyższe

Przechodnia i szpital

Tereny zielone - Park na Zdrowiu, Ogród Botaniczny, ZOO

Przystanek tramwajowy

Przystanek autobusowy

Bliskość do A1 i A2 i drogi krajowej 91


KONTAKT:
Zainteresowany szczegółami?
Zadzwoń teraz: +48 22 102 46 29";Zapytaj;36,14 m²;64432617;23 godziny temu;23 godziny temu
N+279639;20230720;"['https://ireland.apollo.olxcdn.com/v1/files/eyJmbiI6ImI1ZWg1OXFyZms2MS1BUEwiLCJ3IjpbeyJmbiI6ImVudmZxcWUxYXk0azEtQVBMIiwicyI6IjE0IiwicCI6IjEwLC0xMCIsImEiOiIwIn1dfQ.Dh07GcADyDS-Oy4AFUg_8hKof0Nfwgyrn5RFyrUizrs/image;s=184x138;q=80', 'https://ireland.apollo.olxcdn.com/v1/files/eyJmbiI6InRpZ3A4ZDIzbWJhZzItQVBMIiwidyI6W3siZm4iOiJlbnZmcXFlMWF5NGsxLUFQTCIsInMiOiIxNCIsInAiOiIxMCwtMTAiLCJhIjoiMCJ9XX0.EcSmIruLdjluTvrourBEkxcD5LDILob08flgSTqBScQ/image;s=184x138;q=80', 'https://ireland.apollo.olxcdn.com/v1/files/eyJmbiI6Ims2ZDdoanpuNWhzcjEtQVBMIiwidyI6W3siZm4iOiJlbnZmcXFlMWF5NGsxLUFQTCIsInMiOiIxNCIsInAiOiIxMCwtMTAiLCJhIjoiMCJ9XX0.sJpGV7nGteXlww2idGsrL7zuR8YTKCoV7yB_-sUR9O0/image;s=184x138;q=80', 'https://ireland.apollo.olxcdn.com/v1/files/eyJmbiI6InE5cjltNTd3aXR0bjMtQVBMIiwidyI6W3siZm4iOiJlbnZmcXFlMWF5NGsxLUFQTCIsInMiOiIxNCIsInAiOiIxMCwtMTAiLCJhIjoiMCJ9XX0.xdIt1Xlx8UIpIpv9Pc1oQTs5zw7ah3bht1g_MpTFNKM/image;s=184x138;q=80', 'https://ireland.apollo.olxcdn.com/v1/files/eyJmbiI6Imd2Z29lZDhsYjB5NTMtQVBMIiwidyI6W3siZm4iOiJlbnZmcXFlMWF5NGsxLUFQTCIsInMiOiIxNCIsInAiOiIxMCwtMTAiLCJhIjoiMCJ9XX0.chIgm5DrwIXXfkNQYw34Rbxig-VM5JUK26mnkg_Y60k/image;s=184x138;q=80']";22 102 46 04;parter/10;Zapytaj;plastikowe;biuro nieruchomości;pierwotny;Zapytaj;brak informacji;apartamentowiec;Piotr Steć;garaż/miejsce parkingowe;2024;do wykończenia;2;2024-12-31;tak;brak informacji;drzwi / okna antywłamaniowe, teren zamknięty, monitoring / ochrona;telewizja kablowa, internet;balkon, ogródek, taras;pom. użytkowe;Zapytaj;"Nowa inwestycja na mapie Łodzi

Przedsprzedaż mieszkań - wybierz najkorzystniejszy układ mieszkania i kup taniej (rabat na mieszkanie do 31.07, umowa deweloperska 0 zł)

Mieszkania z widokiem na przestrzeń i tereny zielone 

0% prowizji i 0% podatku PCC


Zainteresowany? Zadzwoń +48 22 102 46 29

CO WYRÓŻNIA INWESTYCJĘ:


Stojaki rowerowe

Stacja ładowania samochodów elektrycznych

Miejsca naziemne oraz w hali garażowej

Ciche i szybkie windy do poziomu hali garażowej

Dostępne komórki lokatorskie

Elegancko zagospodarowane części wspólne - zielone nasadzenia, liczne alejki i ławki

Opcja zamontowania systemu inteligentnego domu

Zakończenie budowy: IV kw. 2024 roku


LOKALIZACJA:


Liczne sklepy, hipermarkety i punkty handlowo-usługowe

Żłobki, przedszkola, szkoły oraz uczelnie wyższe

Przechodnia i szpital

Tereny zielone - Park na Zdrowiu, Ogród Botaniczny, ZOO

Przystanek tramwajowy

Przystanek autobusowy

Bliskość do A1 i A2 i drogi krajowej 91


KONTAKT:
Zainteresowany szczegółami?
Zadzwoń teraz: +48 22 102 46 29";Zapytaj;31,95 m²;64432615;23 godziny temu;23 godziny temu
;20230720;"['https://ireland.apollo.olxcdn.com/v1/files/eyJmbiI6ImE4dGtuNDBzazM4bTEtQVBMIiwidyI6W3siZm4iOiJlbnZmcXFlMWF5NGsxLUFQTCIsInMiOiIxNCIsInAiOiIxMCwtMTAiLCJhIjoiMCJ9XX0.sHKMF8ynAjzS67Db32yh0uLVICgMR4obZU8JXIKkcEs/image;s=184x138;q=80', 'https://ireland.apollo.olxcdn.com/v1/files/eyJmbiI6Ims4dWQ4czA3bjlndDMtQVBMIiwidyI6W3siZm4iOiJlbnZmcXFlMWF5NGsxLUFQTCIsInMiOiIxNCIsInAiOiIxMCwtMTAiLCJhIjoiMCJ9XX0.uiS4qmJ3mQmIWYAmQvrHT27POEN07qFySNHEb_N0ZWs/image;s=184x138;q=80', 'https://ireland.apollo.olxcdn.com/v1/files/eyJmbiI6IjNzdTR0ZXhsbTBxdjEtQVBMIiwidyI6W3siZm4iOiJlbnZmcXFlMWF5NGsxLUFQTCIsInMiOiIxNCIsInAiOiIxMCwtMTAiLCJhIjoiMCJ9XX0.80O-1QKjc9R1lReeRaDavm4BU52WNgbAblTZlzo3Oag/image;s=184x138;q=80', 'https://ireland.apollo.olxcdn.com/v1/files/eyJmbiI6InRxa2c3djF1Mm9qMjEtQVBMIiwidyI6W3siZm4iOiJlbnZmcXFlMWF5NGsxLUFQTCIsInMiOiIxNCIsInAiOiIxMCwtMTAiLCJhIjoiMCJ9XX0.xpLGZJ9RWoKqs5Gwlg878xbg76dLfLO-Um7xj93aUXQ/image;s=184x138;q=80', 'https://ireland.apollo.olxcdn.com/v1/files/eyJmbiI6Imo0YmRmOHF5dnd5ejEtQVBMIiwidyI6W3siZm4iOiJlbnZmcXFlMWF5NGsxLUFQTCIsInMiOiIxNCIsInAiOiIxMCwtMTAiLCJhIjoiMCJ9XX0.J4Z0lh9MCkaxV6ho2C_q2rCOtQDPvswcCTlcs-fmeRc/image;s=184x138;q=80', 'https://ireland.apollo.olxcdn.com/v1/files/eyJmbiI6ImFnOXo1MnRuN2p0cTItQVBMIiwidyI6W3siZm4iOiJlbnZmcXFlMWF5NGsxLUFQTCIsInMiOiIxNCIsInAiOiIxMCwtMTAiLCJhIjoiMCJ9XX0.TDVKsQrGFKUI3VRg2Z3BHZWzrHcFL9mEYPHM-vOoDWA/image;s=184x138;q=80', 'https://ireland.apollo.olxcdn.com/v1/files/eyJmbiI6ImhyYWViNmdqZ3NlNjItQVBMIiwidyI6W3siZm4iOiJlbnZmcXFlMWF5NGsxLUFQTCIsInMiOiIxNCIsInAiOiIxMCwtMTAiLCJhIjoiMCJ9XX0.OFo6GezWYPOQFDRanfoQnWM7wZWVSSFcdMVbSIGfbG0/image;s=184x138;q=80']";737 318 743;7/10;600 zł;plastikowe;biuro nieruchomości;pierwotny;miejskie;brak informacji;apartamentowiec;Katarzyna;garaż/miejsce parkingowe;2023;do wykończenia;3;brak informacji;tak;brak informacji;drzwi / okna antywłamaniowe, teren zamknięty, domofon / wideofon;telewizja kablowa, internet;balkon;brak informacji;pełna własność;"Jeśli szukasz mieszkania na rynku pierwotnym, chcesz aby było urządzone dokładnie tak, jak Ty tego oczekujesz, a infrastruktura osiedla była nowoczesna i przyjazna mieszkańcom, nie musisz dalej szukać - ta oferta jest dla Ciebie!

Na nowego właściciela czeka mieszkanie w stanie deweloperskim, mieszczące się na 7 piętrze nowoczesnego apartamentowca.

Na 67 mkw znajduje się:

- Przestronny salon z aneksem kuchennym
- Dwie duże, ustawne sypialnie
- Łazienka 
- oddzielne WC, 
- Korytarz
Dodatkową przestrzeń stanowi balkon.

LOKALIZACJA:
- Mieszkanie znajduje się na zamkniętym osiedlu na łódzkim Teofilowie
- W sąsiedztwie znajduje się pełna i bogata infrastruktura (sklepy, wszelkiego rodzaju usługi, szkoły, przedszkola)
- Dobra komunikacja z pozostałą częścią miasta (6,5 km do Manufaktury, 5 km do Aquaparku Fala i Orientarium)
- W pobliżu park im. Stefana Żeromskiego

Do mieszkania przynależy miejsce postojowe w podziemnej hali garażowej - płatne dodatkowo 40 000 zł

DODATKOWE INFORMACJE:
- Prezentowane zdjęcia pochodzą z innej inwestycji, która została wykończona ""pod klucz""
- Dla Ciebie też możemy wykończyć mieszkanie na ""gotowo"" !!!
- Kupujący nie płaci podatku PCC (ponad 10 000 zł w kieszeni),
- Posiadamy więcej mieszkań w tej inwestycji,
- Oferujemy pomoc przy zakupie mieszkania (wybór notariusza, informacje dla osób, które kupują pierwszy raz) oraz pomoc w uzyskaniu kredytu,
- Przyjmiemy inną nieruchomość w rozliczeniu.
- Wynagrodzenie dla pośrednika 2% płatne dodatkowo.

Treść niniejszego ogłoszenia nie stanowi oferty handlowej w rozumieniu Kodeksu Cywilnego.

Zapraszam do kontaktu :)";Zapytaj;66,84 m²;64362741;23 dni temu;1 dzień temu
368018;20230720;"['https://ireland.apollo.olxcdn.com/v1/files/eyJmbiI6ImN6dWI0czVhM3Vsay1BUEwiLCJ3IjpbeyJmbiI6ImVudmZxcWUxYXk0azEtQVBMIiwicyI6IjE0IiwicCI6IjEwLC0xMCIsImEiOiIwIn1dfQ._xgZTuwpzp8skbfz3-lsm-_-gb68F70SOvP5jzyLbQ4/image;s=184x138;q=80', 'https://ireland.apollo.olxcdn.com/v1/files/eyJmbiI6IjB2dGE1ZXEwa3R1Mi1BUEwiLCJ3IjpbeyJmbiI6ImVudmZxcWUxYXk0azEtQVBMIiwicyI6IjE0IiwicCI6IjEwLC0xMCIsImEiOiIwIn1dfQ.fcSqtLi0KlELeLvKX7KTg93l2S0Rn_GI4Sv36fxRvj8/image;s=184x138;q=80', 'https://ireland.apollo.olxcdn.com/v1/files/eyJmbiI6IjdoYzJsaGp2YzAzczMtQVBMIiwidyI6W3siZm4iOiJlbnZmcXFlMWF5NGsxLUFQTCIsInMiOiIxNCIsInAiOiIxMCwtMTAiLCJhIjoiMCJ9XX0.0gD7Ozuz_KNzO1u71jg5A9rww_jLmAN7pFhJorzXM5E/image;s=184x138;q=80', 'https://ireland.apollo.olxcdn.com/v1/files/eyJmbiI6ImhnM2RuNXA5d2JuMDItQVBMIiwidyI6W3siZm4iOiJlbnZmcXFlMWF5NGsxLUFQTCIsInMiOiIxNCIsInAiOiIxMCwtMTAiLCJhIjoiMCJ9XX0.dnIL9YtLPTEdK2qa7iUQvtIF0tbFKYn7soUs57AGE6s/image;s=184x138;q=80', 'https://ireland.apollo.olxcdn.com/v1/files/eyJmbiI6Ijk2MGJjNm9vZml6ZDEtQVBMIiwidyI6W3siZm4iOiJlbnZmcXFlMWF5NGsxLUFQTCIsInMiOiIxNCIsInAiOiIxMCwtMTAiLCJhIjoiMCJ9XX0.JLACWNNQYJojxdsVMo6yYBaMgCBdfuAdFXYJFXMj2NQ/image;s=184x138;q=80', 'https://ireland.apollo.olxcdn.com/v1/files/eyJmbiI6IjNuMjZ2ZmJ4aDl1czMtQVBMIiwidyI6W3siZm4iOiJlbnZmcXFlMWF5NGsxLUFQTCIsInMiOiIxNCIsInAiOiIxMCwtMTAiLCJhIjoiMCJ9XX0.7hprP_2rlFCwMmRN2wPhygNxm4xYEsKVqN96BTsn7ew/image;s=184x138;q=80', 'https://ireland.apollo.olxcdn.com/v1/files/eyJmbiI6Im9zano0cDZydXMwaTMtQVBMIiwidyI6W3siZm4iOiJlbnZmcXFlMWF5NGsxLUFQTCIsInMiOiIxNCIsInAiOiIxMCwtMTAiLCJhIjoiMCJ9XX0._C82HcCV7vt8QnM1Qqjy2xCfvcWsaMRZTJmMq8OLdo4/image;s=184x138;q=80', 'https://ireland.apollo.olxcdn.com/v1/files/eyJmbiI6Inl5ZG0yZTI4ZzZlai1BUEwiLCJ3IjpbeyJmbiI6ImVudmZxcWUxYXk0azEtQVBMIiwicyI6IjE0IiwicCI6IjEwLC0xMCIsImEiOiIwIn1dfQ.n1UiAwqLCSU-FxAb4rrlVDBRMGDhEpBeUC9DfPGpzqw/image;s=184x138;q=80', 'https://ireland.apollo.olxcdn.com/v1/files/eyJmbiI6InZ4bWNqYjk4ZTd6MTItQVBMIiwidyI6W3siZm4iOiJlbnZmcXFlMWF5NGsxLUFQTCIsInMiOiIxNCIsInAiOiIxMCwtMTAiLCJhIjoiMCJ9XX0.33GY1uh56luRlDbM0ysYokjp0Z1mdG9IUfC57IUmBQ4/image;s=184x138;q=80', 'https://ireland.apollo.olxcdn.com/v1/files/eyJmbiI6IjZmcW40cmE3NDJmdzEtQVBMIiwidyI6W3siZm4iOiJlbnZmcXFlMWF5NGsxLUFQTCIsInMiOiIxNCIsInAiOiIxMCwtMTAiLCJhIjoiMCJ9XX0.Zje0_ZehF-5AroibBHGKtxPrVeHQe8I1gJTI1f9Y9Nk/image;s=184x138;q=80']";500 814 360;2/4;Zapytaj;plastikowe;biuro nieruchomości;wtórny;miejskie;cegła;kamienica;Krzysztof Holwek;Zapytaj;brak informacji;do remontu;2;brak informacji;nie;brak informacji;domofon / wideofon;telewizja kablowa, internet, telefon;balkon;brak informacji;Zapytaj;"Promocje do końca wakacji!
Zdecyduj się w wakacje i zyskaj 400zł rabatu na każdy m2. W przypadku tego mieszkania jest to kwota 11 300 zł obniżki od kwoty bazowej, wynoszącej 159 900zł. 

Mamy przyjemność zaprezentować Państwu kawalerkę o powierzchni 28,25m2, położone na 2 piętrze w rewitalizowanej kamienicy, zlokalizowanej, w niewielkiej odległości od Atlas Areny, w jednej z najbardziej reprezentacyjnych części Karolewa, z dobrą komunikacją do centrum. Kubatura, pozwala na zaaranżowanie przestrzeni tworząc 2 małe pokoje z aneksem kuchennym oraz balkonem.
Ze względu na lokalizację, mieszkania w tym budynku nadawać się będą pod wynajem krótko jak i długoterminowy.

Kamienica, w której znajduje się mieszkanie, przechodzi generalny remont planowany wedle następującego harmonogramu: 
- Wymiana pionów wodno- kanalizacyjnych oraz centralnego ogrzewania- w trakcie wymiany 
- Ogrzewanie centralne z kotłowni gazowej- IV kwartał 2023r. 
- Remont klatki schodowej- I kwartał 2024r. 
- Remont elewacji- II kwartał 2024r. 

Sprawdź dostępność innych propozycji mieszkań inwestycyjnych, lub dla siebie, w tym budynku! Na ostatnim zdjęciu znajdują się rzuty pięter oraz rozpiska lokali! :) 

UWAGA! ISTNIEJE MOŻLIWOŚĆ ZAKUPU MIESZKANIA I SKORZYSTANIA Z USŁUG NASZEJ ZAPRZYJAŹNIONEJ EKIPY REMONTOWEJ, PRZY JEGO WYKOŃCZENIU!!! 

Zapraszam do kontaktu 
Krzysztof Holwek, Xhome Nieruchomości 
500-814-360

W razie jakichkolwiek pytań, zachęcam do kontaktu :) 
Serdecznie zapraszam na prezentacje!

Kupujesz z nami nieruchomość? Nie martw się o formalności! Przeprowadzimy Cię przez całą ścieżkę formalną aż do samego przekazania kluczy.

Chcesz skorzystać z kredytu hipotecznego/gotówkowego w procesie zakupu? Skorzystaj z darmowej porady niezależnego doradcy kredytowego, który sprawdzi Twoją zdolność kredytową, pomoże wybrać najlepszą ofertę i przeprowadzi Cię przez wszystkie formalności.";Zapytaj;28,25 m²;64432596;1 dzień temu;1 dzień temu
WH257742;20230720;"['https://ireland.apollo.olxcdn.com/v1/files/eyJmbiI6ImJqMGRvMW04enh5bTItQVBMIiwidyI6W3siZm4iOiJlbnZmcXFlMWF5NGsxLUFQTCIsInMiOiIxNCIsInAiOiIxMCwtMTAiLCJhIjoiMCJ9XX0.-rPU_PoeOt7UK2P0HQd53hXL8mu67h4M7msMx0cyEHw/image;s=184x138;q=80', 'https://ireland.apollo.olxcdn.com/v1/files/eyJmbiI6InNtcWc1a25wZTZnZy1BUEwiLCJ3IjpbeyJmbiI6ImVudmZxcWUxYXk0azEtQVBMIiwicyI6IjE0IiwicCI6IjEwLC0xMCIsImEiOiIwIn1dfQ.-8f6FrEXeCifdv6cUyzWoRQOgYOuut-al0v0sN6fSpI/image;s=184x138;q=80', 'https://ireland.apollo.olxcdn.com/v1/files/eyJmbiI6ImRqMmR0MzdoZDVoczEtQVBMIiwidyI6W3siZm4iOiJlbnZmcXFlMWF5NGsxLUFQTCIsInMiOiIxNCIsInAiOiIxMCwtMTAiLCJhIjoiMCJ9XX0.0CZHLXvyg6zy7KeWFsosO9pVme667nzXj7TwpzKRU4U/image;s=184x138;q=80', 'https://ireland.apollo.olxcdn.com/v1/files/eyJmbiI6IjZyZW0xa2Y0Z3J4dTEtQVBMIiwidyI6W3siZm4iOiJlbnZmcXFlMWF5NGsxLUFQTCIsInMiOiIxNCIsInAiOiIxMCwtMTAiLCJhIjoiMCJ9XX0.en-z3pkCZyshH4jVEebIE3mygEtmVkALSdQl6WhUd1E/image;s=184x138;q=80', 'https://ireland.apollo.olxcdn.com/v1/files/eyJmbiI6Ink3aG85b3lpajlheTEtQVBMIiwidyI6W3siZm4iOiJlbnZmcXFlMWF5NGsxLUFQTCIsInMiOiIxNCIsInAiOiIxMCwtMTAiLCJhIjoiMCJ9XX0.8iXucxxcZLT5C1t0qPwh_lKSHCykKI7nY8a4OYXPTik/image;s=184x138;q=80', 'https://ireland.apollo.olxcdn.com/v1/files/eyJmbiI6InRodHNqMHplOGxxYTMtQVBMIiwidyI6W3siZm4iOiJlbnZmcXFlMWF5NGsxLUFQTCIsInMiOiIxNCIsInAiOiIxMCwtMTAiLCJhIjoiMCJ9XX0.xQyACvMnwA5gklt-C-WggEv3_iAroJ4bkN5DtmwoH2I/image;s=184x138;q=80', 'https://ireland.apollo.olxcdn.com/v1/files/eyJmbiI6ImhmcDUzNzdwMmJrMDMtQVBMIiwidyI6W3siZm4iOiJlbnZmcXFlMWF5NGsxLUFQTCIsInMiOiIxNCIsInAiOiIxMCwtMTAiLCJhIjoiMCJ9XX0.x2rRMVIlv3UM_YhLWiqgkdRhOkPWaMMDBM5kUcstH8k/image;s=184x138;q=80', 'https://ireland.apollo.olxcdn.com/v1/files/eyJmbiI6IjNta29mejEzeG84ajEtQVBMIiwidyI6W3siZm4iOiJlbnZmcXFlMWF5NGsxLUFQTCIsInMiOiIxNCIsInAiOiIxMCwtMTAiLCJhIjoiMCJ9XX0.umXwOnAfyWvJoClSw5kMrCyS7v_UZM48-Rbf6UrXcWE/image;s=184x138;q=80', 'https://ireland.apollo.olxcdn.com/v1/files/eyJmbiI6InVsNWpycXd1dmFocDMtQVBMIiwidyI6W3siZm4iOiJlbnZmcXFlMWF5NGsxLUFQTCIsInMiOiIxNCIsInAiOiIxMCwtMTAiLCJhIjoiMCJ9XX0.k6QNgNvloOlI8RB7AS7YCNOYZoq8GSS43UPwFqVpqLM/image;s=184x138;q=80', 'https://ireland.apollo.olxcdn.com/v1/files/eyJmbiI6ImhiZG1va2pjdTh5cTEtQVBMIiwidyI6W3siZm4iOiJlbnZmcXFlMWF5NGsxLUFQTCIsInMiOiIxNCIsInAiOiIxMCwtMTAiLCJhIjoiMCJ9XX0.92LCa5DEQV-kozUSIcM2OwNj41Y8RENQcTpgafw-kik/image;s=184x138;q=80', 'https://ireland.apollo.olxcdn.com/v1/files/eyJmbiI6Ink4N2I1ZHdrYXR6cjItQVBMIiwidyI6W3siZm4iOiJlbnZmcXFlMWF5NGsxLUFQTCIsInMiOiIxNCIsInAiOiIxMCwtMTAiLCJhIjoiMCJ9XX0.OVIN3eJltBuCbZovDkC0vT3zTxUw_ACFfEpdm2xJLIs/image;s=184x138;q=80']";539 313 300;3/4;400 zł;plastikowe;biuro nieruchomości;wtórny;miejskie;wielka płyta;blok;Agata Michałowicz;Zapytaj;1975;do zamieszkania;2;brak informacji;nie;brak informacji;brak informacji;brak informacji;Zapytaj;brak informacji;pełna własność;"Zadbane dwupokojowe mieszkanie okolice Księżego Młyna. Doskonała lokalizacja umożliwiająca sprawną komunikację z centrum miasta. W okolicy Palmiarnia, dużo zieleni miejsc sprzyjających aktywnemu wypoczynkowi. Klimatyczne restauracje, organizowane koncerty, imprezy.
Doskonały dojazd w każdym kierunku w mieście..

Mieszkanie dwupokojowe na trzecim piętrze. Powierzchnia ok 38m2, dwa pokoje, przejście z jednego pokoju do kuchni. Mieszkanie do wprowadzenia ewentualnie do lekkiego odświeżenia. Kuchnia z kompletną zabudową pozostającą w mieszkaniu. Elegancka nowoczesna w neutralnej kolorystyce. Łazienka również po remoncie, natrysk.
W pokojach na ścianach gładzie gipsowe, na podłogach panele.






Więcej zdjęć danej oferty jak i więcej ofert znajdziesz na naszej stronie: wellhome. nieruchomosci. pl

Zapraszamy ! :)
 


Zarówno w celu uzyskania informacji o ofertach jak i chęci obejrzenia nieruchomości prosimy wyłącznie o kontakt telefoniczny z opiekunem oferty lub kontakt w formie zapytania internetowego z pozostawieniem numeru telefonu kontaktowego.


Chroniąc dane naszych klientów informujemy, że nie przekazujemy dokładnych adresów nieruchomości przed zawarciem współpracy w postaci umowy z osobą potencjalnie zainteresowaną. Umowa określa przede wszystkim warunki wzajemnej współpracy oraz ewentualną wysokość wynagrodzenia za wskazaną w umowie usługę, chociażby w odniesieniu do jednej z posiadanych w naszej bazie nieruchomości. Chcemy jednak zaznaczyć, że samo prezentowanie naszych nieruchomości osobom potencjalnie zainteresowanym jest bezpłatne.";Zapytaj;37 m²;64432578;1 dzień temu;1 dzień temu
ŁCN- PK 5224;20230720;"['https://ireland.apollo.olxcdn.com/v1/files/eyJmbiI6InA5MWxhNWFjamt5bzEtQVBMIiwidyI6W3siZm4iOiJlbnZmcXFlMWF5NGsxLUFQTCIsInMiOiIxNCIsInAiOiIxMCwtMTAiLCJhIjoiMCJ9XX0.WNGTeA1fnrSADTIM2iPjLGAp3mdgNLtUDKj2_yKuxb8/image;s=184x138;q=80', 'https://ireland.apollo.olxcdn.com/v1/files/eyJmbiI6InpscXN1ZGVvbGI2eC1BUEwiLCJ3IjpbeyJmbiI6ImVudmZxcWUxYXk0azEtQVBMIiwicyI6IjE0IiwicCI6IjEwLC0xMCIsImEiOiIwIn1dfQ.MZzgRRW2jm8JuqA9SY_hO6fehjs1Dmy-dibUF28vqeM/image;s=184x138;q=80', 'https://ireland.apollo.olxcdn.com/v1/files/eyJmbiI6InA5dnlmYmpyeWU3dTItQVBMIiwidyI6W3siZm4iOiJlbnZmcXFlMWF5NGsxLUFQTCIsInMiOiIxNCIsInAiOiIxMCwtMTAiLCJhIjoiMCJ9XX0.0-arfaOntCXy_cvqNe_ny-GIGThs5OnD4gGcOVfl2bU/image;s=184x138;q=80', 'https://ireland.apollo.olxcdn.com/v1/files/eyJmbiI6IjVqYW9qbnh5aW44NzItQVBMIiwidyI6W3siZm4iOiJlbnZmcXFlMWF5NGsxLUFQTCIsInMiOiIxNCIsInAiOiIxMCwtMTAiLCJhIjoiMCJ9XX0.QI9gz7r4K8Gv6wbQLKyKj2NHBSvDLIPQgZ5WcNvcp8w/image;s=184x138;q=80', 'https://ireland.apollo.olxcdn.com/v1/files/eyJmbiI6IjVuMmZpZGZzczJzdzItQVBMIiwidyI6W3siZm4iOiJlbnZmcXFlMWF5NGsxLUFQTCIsInMiOiIxNCIsInAiOiIxMCwtMTAiLCJhIjoiMCJ9XX0.f_GGG_fIlPvjEJx9wWHqRDmksWLVYYPHRin0a1GmQo8/image;s=184x138;q=80', 'https://ireland.apollo.olxcdn.com/v1/files/eyJmbiI6IjI0NW5pejVtZW43MzEtQVBMIiwidyI6W3siZm4iOiJlbnZmcXFlMWF5NGsxLUFQTCIsInMiOiIxNCIsInAiOiIxMCwtMTAiLCJhIjoiMCJ9XX0.HFoHDT8D72IS6O7dBX_LChbb97_oQEEZWFCGOwDJ0Uo/image;s=184x138;q=80', 'https://ireland.apollo.olxcdn.com/v1/files/eyJmbiI6ImpieHB0Z2pzMmRpazMtQVBMIiwidyI6W3siZm4iOiJlbnZmcXFlMWF5NGsxLUFQTCIsInMiOiIxNCIsInAiOiIxMCwtMTAiLCJhIjoiMCJ9XX0.cdTK41dqF71bU02QrM-uhMVDfZ3iqmM2bTu0_Yh666E/image;s=184x138;q=80']";607 728 200;1/2;960 zł;plastikowe;biuro nieruchomości;wtórny;elektryczne;brak informacji;kamienica;Jadwiga Kopacz;Zapytaj;brak informacji;do remontu;3;brak informacji;nie;kuchenka;domofon / wideofon;telewizja kablowa;balkon;oddzielna kuchnia;Zapytaj;"Zachęcam do zapoznania się z ofertą mieszkania prywatnej kamienicy w Łodzi
1. Stan Prawny- Prywatna kamienica
2. Metraż- 80 m2
3. Mieszkanie – n/ rozkładowe
4. Ilość pokoi- 3
5. Piętro- I
6. Media- woda, prąd,gaz
7. Ogrzewanie- elektryczne
8. Okna – PCV
9. Wystawa okien- na zachód
10. Wysokość mieszkanie- 3,20 m
11. Podłogi- drewniane
12. Kuchnia- duża z oknem
13. Łazienka- wanna, umywalka
14. WC- w łazience
15. Balkon- jest
16. Wysokość czynszu- 12 zł / m2
17. Woda- liczniki
18. Umowa- pierwsza na rok, później na czas nieokreślony
19. Stan techniczny lokalu- do remontu
Opis dodatkowy-
Oferuję Państwu mieszkanie 3 pokojowe w prywatnej kamienicy w okolicach ul. Legionów.
Na powierzchni 80 m2 znajdują się 3 pokoje ( amfilada),duża kuchnia, łazienka z WC.
Wysokość mieszkania 3,20 m.
Okna PCV z wystawą na zachód. Mieszkanie do remontu.
Media: prąd, woda,gaz, ogrzewanie elektryczne we własnym zakresie.
Czynsz 12 zł / m2
Pierwsza umowa na rok, później na czas nieokreślony.
Dodatkowym atutem mieszkania jest położenie kamienicy.
W pobliżu komunikacja miejska i dobrze rozwinięta sieć sklepów, lokali usługowych, CH Manufaktura. W najbliższej okolicy szkoły, przedszkola, apteka, poradnia zdrowia.
Kamienica zamykania.
Polecam i zapraszam do oglądania.
Koszt nabycia mieszkania wynosi – 15 tys
Podana cena nie zawiera prowizji biura.
Przed obejrzeniem mieszkania podpisujemy z klientem oglądającym umowę o pośrednictwo.
Serdecznie zapraszam do oglądania.
Nie współpracujemy z klientami, którym obca jest zasada płacenia agentowi prowizji za pośrednictwo w obrocie nieruchomościami i nie chcą podpisać umowy o pośrednictwo.


Kontakt w sprawie oferty- Jadwiga Kopacz tel. 607 72 82 00
Zapraszam na naszą stronę internetową-";Zapytaj;80 m²;64432571;1 dzień temu;1 dzień temu
dc6b1154-fae3-4824-94e2-899dbe2fd9dd;20230720;"['https://ireland.apollo.olxcdn.com/v1/files/eyJmbiI6InhrbWVmM3d4ejFybTEtRUNPU1lTVEVNIiwidyI6W3siZm4iOiJlbnZmcXFlMWF5NGsxLUFQTCIsInMiOiIxNCIsInAiOiIxMCwtMTAiLCJhIjoiMCJ9XX0.aoC2YfrarqyTJndobUCCBzO8ZRflwyAni-yQAkmvOIg/image;s=184x138;q=80', 'https://ireland.apollo.olxcdn.com/v1/files/eyJmbiI6InRtdTZkencxM295NzMtRUNPU1lTVEVNIiwidyI6W3siZm4iOiJlbnZmcXFlMWF5NGsxLUFQTCIsInMiOiIxNCIsInAiOiIxMCwtMTAiLCJhIjoiMCJ9XX0.njznRXR3nGNpenZpQOmNCGjPzyy3AdswropEBUedAUo/image;s=184x138;q=80', 'https://ireland.apollo.olxcdn.com/v1/files/eyJmbiI6Im9vMjExYnowMHk1cDEtQVBMIiwidyI6W3siZm4iOiJlbnZmcXFlMWF5NGsxLUFQTCIsInMiOiIxNCIsInAiOiIxMCwtMTAiLCJhIjoiMCJ9XX0.cvoyUJIkOYxhvfDPBBsLtbC5mUQ7EZXe3ghiC4RXf0o/image;s=184x138;q=80', 'https://ireland.apollo.olxcdn.com/v1/files/eyJmbiI6Ind4a2tvODFyOTI4bi1BUEwiLCJ3IjpbeyJmbiI6ImVudmZxcWUxYXk0azEtQVBMIiwicyI6IjE0IiwicCI6IjEwLC0xMCIsImEiOiIwIn1dfQ.8cklRBPP0TWSscK06dF3scq8qfZ4aBxJrvv7gsyMWLU/image;s=184x138;q=80', 'https://ireland.apollo.olxcdn.com/v1/files/eyJmbiI6Inh0YnNxaWxhZTNqdDItQVBMIiwidyI6W3siZm4iOiJlbnZmcXFlMWF5NGsxLUFQTCIsInMiOiIxNCIsInAiOiIxMCwtMTAiLCJhIjoiMCJ9XX0.EmfOkDL6pin-vm0ps27tUNH7w0YcMtP2c8BY36dOq84/image;s=184x138;q=80', 'https://ireland.apollo.olxcdn.com/v1/files/eyJmbiI6ImQwaDc5OWcwZ3lkdC1BUEwiLCJ3IjpbeyJmbiI6ImVudmZxcWUxYXk0azEtQVBMIiwicyI6IjE0IiwicCI6IjEwLC0xMCIsImEiOiIwIn1dfQ.vbiB_V5DAm5aBzob0_tc4KcEu0WtKlZVAO6oiH8oxGA/image;s=184x138;q=80', 'https://ireland.apollo.olxcdn.com/v1/files/eyJmbiI6ImRpcWdwNWk0eWVybC1BUEwiLCJ3IjpbeyJmbiI6ImVudmZxcWUxYXk0azEtQVBMIiwicyI6IjE0IiwicCI6IjEwLC0xMCIsImEiOiIwIn1dfQ.XIyfvXBfHLzJQqy3Jz7F_H9Zy785XMddBkDfyUIkznw/image;s=184x138;q=80']";530 281 429;1/4;Zapytaj;;;;Zapytaj;;;Widzewska Manufaktura Apartament;Zapytaj;;do wykończenia;1;;;;;;Zapytaj;;pełna własność;"OPIS MIESZKANIA
Widzewska Manufaktura Apartamenty oferuje mieszkania o w wysokim standardzie, przygotowywane w ramach kompleksu mieszkalnego na łódzkim Widzewie. Przedmiotem tego ogłoszenia jest 1-pokojowe mieszkanie na 1. piętrze o powierzchni 27,7 m. kw. Wyjątkowa lokalizacja, wysokie, dobrze doświetlone mieszkanie i panoramiczne widoki to tylko niektóre zalety tego projektu.
Prezentowane mieszkanie to apartament typu Studio. To kameralne, składające się z dwóch pomieszczeń lokum, przeznaczone dla jednej lub dwóch osób. W skład mieszkania wchodzi łazienka oraz pomieszczenie wielofunkcyjne.
Niezależnie od tego czy planujesz kupić dla siebie mieszkanie czy szukasz pewnej inwestycji – Resi Capital daje Ci niezrównane możliwości zakupu nieruchomości w prestiżowej lokalizacji. Łódzki projekt Widzewska Manufaktura Apartamenty będzie oferował 129 lokali z bogatą częścią usługową mieszczącą się na terenie kompleksu WIMA Widzewska Manufaktura. Jeżeli zatem szukasz wyjątkowej nieruchomości to Resi Capital posiada ofertę, która spełni oczekiwania najbardziej wymagających Klientów.
Jesteś zainteresowany? Zobacz co możemy Ci zaoferować.
OPIS INWESTYCJI
WIMA Widzewska Manufaktura to jeden z najbardziej okazałych i rozpoznawalnych zabytków na Widzewie, przypominający przemysłową przeszłość Łodzi. Widzewska Manufaktura Apartamenty, które są fundamentalną częścią tego kompleksu będą oferować 129 lokali z bogatą częścią usługową.
Od 2020 roku właścicielem Widzewskiej Manufaktury, jest Grupa Cavatina Holding. Koncepcja polskiego dewelopera zakłada przywrócenie świetności terenom dawnych zakładów bawełnianych poprzez stworzenie wielofunkcyjnego kompleksu z biurami, mieszkaniami, lokalami handlowo-usługowymi oraz otwartymi przestrzeniami do odpoczynku i rekreacji.
W nowym projekcie WIMA Widzewskiej Manufaktury niezwykle ważne było stworzenie nowoczesnej, zaawansowanej technologicznie przestrzeni z pełnym poszanowaniem historycznego dziedzictwa tego miejsca. Dlatego architekci zachowali elementy zabudowy dawnej fabryki, w szczególności ceglane mury ścian zewnętrznych oraz oryginalne żeliwne słupy w zaplanowanych przestrzeniach biurowych i na terenie parku. Poszanowaniem pięknej historii będzie także zrewitalizowany 100-letni park o powierzchni ok. 9 tys. mkw. , który stanie się dla wszystkich użytkowników i gości zielonym sercem inwestycji.
WIMA to nowa wizytówka Widzewa łącząca funkcje mieszkaniowe, usługowe, biznesowe i kulturalne, a najlepsze tradycje spotykają się tu z nowoczesnością i zielonymi rozwiązaniami, tworząc atrakcyjną przestrzeń do życia. Dzięki temu jest to doskonała propozycja dla rodzin, ceniących dogodną lokalizację, łatwy dostęp do usług kulturalnych, rekreacyjnych, gastronomicznych i handlowych, a także dla singli poszukujących zielonego, dobrze skomunikowanego z resztą miasta miejsca.

LOKALIZACJA
WIMA Widzewska Manufaktura to blisko 4 ha powierzchni i cztery 140-letnie pofabryczne obiekty przy al. Piłsudskiego 135 w Łodzi. Dzięki lokalizacji przyszli mieszkańcy będą mieli do dyspozycji w najbliższej okolicy wiele punktów usługowych i komunikacyjnych. Inwestycja położona jest zaledwie:
70 m do najbliższego przystanku MPK – Piłsudskiego Konstytucyjna (Wi-Ma)
300 m od parku „Nad Jesieniem”
650 m od Centrum Handlowego
800 m od Parku Widzewskiego
W najbliższej okolicy znajdują się żłobki, przedszkola oraz szkoły.
Najważniejsze punkty inwestycji:
Atrakcyjna lokalizacja
Mieszkania usytuowane blisko centrum miasta.
Rewelacyjna komunikacja
Kompleks jest w bliskiej odległości zarówno od przystanków komunikacji miejskiej, dworca PKP oraz najważniejszych arterii w mieście.
Miejsca parkingowe
Do każdego mieszkania przynależeć będzie miejsce parkingowe
Zielona okolica
Kompleks posiada własny zrewitalizowany 100-letni park o powierzchni ok. 9 tys. mkw. Oprócz tego w najbliższym sąsiedztwie kompleksu znajduje się aż 8 parków miejskich.
Usługi
W ramach kompleksu przewidziane są liczne lokale usługowe oraz otwarte przestrzenie do odpoczynku i rekreacji.";Zapytaj;27,7 m²;64140765;3 miesiące temu;1 dzień temu
36c4fbb4-ad9b-437d-82d3-88ba1359da3d;20230720;"['https://ireland.apollo.olxcdn.com/v1/files/eyJmbiI6Imwxa2V1b2pmMGdyMzMtRUNPU1lTVEVNIiwidyI6W3siZm4iOiJlbnZmcXFlMWF5NGsxLUFQTCIsInMiOiIxNCIsInAiOiIxMCwtMTAiLCJhIjoiMCJ9XX0.BDOuYOpbHk7mDh7lD4K-HlqCthxNlX0mBlzxOQcaPSM/image;s=184x138;q=80', 'https://ireland.apollo.olxcdn.com/v1/files/eyJmbiI6IjRzcnhoMDNjZG5udS1FQ09TWVNURU0iLCJ3IjpbeyJmbiI6ImVudmZxcWUxYXk0azEtQVBMIiwicyI6IjE0IiwicCI6IjEwLC0xMCIsImEiOiIwIn1dfQ.DnJBmpDrimoztAMdmS4qfPczcHUxDmLbgnokhaAtGNc/image;s=184x138;q=80', 'https://ireland.apollo.olxcdn.com/v1/files/eyJmbiI6InNpYmdsY3VvZ2FnMy1FQ09TWVNURU0iLCJ3IjpbeyJmbiI6ImVudmZxcWUxYXk0azEtQVBMIiwicyI6IjE0IiwicCI6IjEwLC0xMCIsImEiOiIwIn1dfQ.iDA4YDAQOHNOZV-IAj4PpdOiK0aA4jO8kNfB6RCUDls/image;s=184x138;q=80', 'https://ireland.apollo.olxcdn.com/v1/files/eyJmbiI6InlqZHhtOHhsZ2F2cjItRUNPU1lTVEVNIiwidyI6W3siZm4iOiJlbnZmcXFlMWF5NGsxLUFQTCIsInMiOiIxNCIsInAiOiIxMCwtMTAiLCJhIjoiMCJ9XX0.RziqGgaZqZC0O9fSHgK6AY6ddq5bjOypHBW_vOXZNUU/image;s=184x138;q=80', 'https://ireland.apollo.olxcdn.com/v1/files/eyJmbiI6InNkM2gwNjhvdWp4Ni1FQ09TWVNURU0iLCJ3IjpbeyJmbiI6ImVudmZxcWUxYXk0azEtQVBMIiwicyI6IjE0IiwicCI6IjEwLC0xMCIsImEiOiIwIn1dfQ.ZUAcZBE6hWxbi47KTEVmtOyBC6oO0FbaDYhyjHQyE54/image;s=184x138;q=80', 'https://ireland.apollo.olxcdn.com/v1/files/eyJmbiI6Ijl4d3d5YjVuMzhhczItRUNPU1lTVEVNIiwidyI6W3siZm4iOiJlbnZmcXFlMWF5NGsxLUFQTCIsInMiOiIxNCIsInAiOiIxMCwtMTAiLCJhIjoiMCJ9XX0.nfkqq_-XqQBkKaoS0jXGhLfl6fK7A4CUMg-9FeCkaXw/image;s=184x138;q=80', 'https://ireland.apollo.olxcdn.com/v1/files/eyJmbiI6Ind6cjB1bjBoZW9nbS1FQ09TWVNURU0iLCJ3IjpbeyJmbiI6ImVudmZxcWUxYXk0azEtQVBMIiwicyI6IjE0IiwicCI6IjEwLC0xMCIsImEiOiIwIn1dfQ.9z5IyEuO83iwEq_Qh7IlKExd7opclQYohLPRNR5w7YU/image;s=184x138;q=80']";501 655 760;3/4;Zapytaj;;;;Zapytaj;;;Biuro Sprzedaży;garaż/miejsce parkingowe;;do wykończenia;2;;;;;;balkon;;pełna własność;"Przedmiotem ogłoszenia jest 2-pokojowe mieszkanie numer 42 położone na 3. piętrze w inwestycji Polna Residence. To wyjątkowy lokal o powierzchni 45,33 m kw. Cechą inwestycji jest wysoki standard i świetna lokalizacja
Inwestycja
Polna Residence jest naszą najnowszą inwestycją w Łodzi. Budynek mieszkalny posiada 54 mieszkania. Całość usytuowana jest blisko parku, w okolicy bloków o niskiej zabudowie do czterech pięter, w dzielnicy Łódź-Bałuty. Miejsce jest ciche i spokojne, co jest zawsze cenione przez mieszkańców dużych miast.
Lokalizacja inwestycji gwarantuje również mieszkańcom łatwy dostęp do infrastruktury. Polna Residences położony jest przy ul. Polnej 18/20, blisko sieci autobusowej, a mała odległość do centrum gwarantuje również szybki dojazd między innymi do Manufaktury.
O nas
MaxBud 4 jest firmą developerską, w obecnym kształcie istniejącą od 2005 roku. Firma posiada duże doświadczenie związane z realizacjami zabudowy wielorodzinnej i jednorodzinnej, a także zajmuje się zabudową szeregową.
Z myślą o przyszłych mieszkańcach staranie dobieramy położenie inwestycji a następnie wszystko planujemy najbardziej szczegółowo jak to tylko możliwe. Dzięki nowoczesnym i przemyślanym rozwiązaniom nasze realizacje sprawiają, że łatwo poczujesz się w nich jak w domu!";Zapytaj;45,33 m²;64194211;2 miesiące temu;1 dzień temu
B24;20230720;"['https://ireland.apollo.olxcdn.com/v1/files/eyJmbiI6Im5mbmh5dGFudGhmZS1BUEwiLCJ3IjpbeyJmbiI6ImVudmZxcWUxYXk0azEtQVBMIiwicyI6IjE0IiwicCI6IjEwLC0xMCIsImEiOiIwIn1dfQ.1TxzVhY_peTLjEfDieFuhAvA_jy9dd3f6NOpDGI44z8/image;s=184x138;q=80', 'https://ireland.apollo.olxcdn.com/v1/files/eyJmbiI6ImtzNWYwZG1raTV2ZzEtQVBMIiwidyI6W3siZm4iOiJlbnZmcXFlMWF5NGsxLUFQTCIsInMiOiIxNCIsInAiOiIxMCwtMTAiLCJhIjoiMCJ9XX0.l3duPRop137WMyJZ1he-XQ60ISvDVKH-r0r3Y9GUutk/image;s=184x138;q=80', 'https://ireland.apollo.olxcdn.com/v1/files/eyJmbiI6InZhN2E2OGp6aDE5NDMtQVBMIiwidyI6W3siZm4iOiJlbnZmcXFlMWF5NGsxLUFQTCIsInMiOiIxNCIsInAiOiIxMCwtMTAiLCJhIjoiMCJ9XX0.6NgBizwHyvCBy88-SBBukzjla_tgY96woR-9VXTfBt0/image;s=184x138;q=80', 'https://ireland.apollo.olxcdn.com/v1/files/eyJmbiI6ImZ4NGF3cWk3bmJ3ajMtQVBMIiwidyI6W3siZm4iOiJlbnZmcXFlMWF5NGsxLUFQTCIsInMiOiIxNCIsInAiOiIxMCwtMTAiLCJhIjoiMCJ9XX0.tk6PLr4zTO6Hv16ZP4q6cX9FGCMU2pLjmloe1KX0MJM/image;s=184x138;q=80', 'https://ireland.apollo.olxcdn.com/v1/files/eyJmbiI6Im1xcWl0czdocXQ1ZjEtQVBMIiwidyI6W3siZm4iOiJlbnZmcXFlMWF5NGsxLUFQTCIsInMiOiIxNCIsInAiOiIxMCwtMTAiLCJhIjoiMCJ9XX0.T4hTB8ZX16SKiaclQg-6YvS7_DKnRQSw39ukiOWSm8Y/image;s=184x138;q=80']";42 620 09 06;1/6;Zapytaj;brak informacji;deweloper;pierwotny;Zapytaj;brak informacji;apartamentowiec;Biuro Sprzedaży;garaż/miejsce parkingowe;2023;do wykończenia;4;2023-06-30;tak;brak informacji;domofon / wideofon;internet, telefon;balkon;brak informacji;pełna własność;"Przedmiotem ogłoszenia jest 4-pokojowe mieszkanie położone na 1 piętrze w inwestycji Apartamenty Grota. To wyjątkowy lokal o powierzchni 67,64 m kw.  Cechą inwestycji jest wysoki standard i świetna lokalizacja. Zapraszamy do zapoznania się z ofertą i do kontaktu.
O inwestycji
Blisko - Apartamenty Grota stanowią odpowiedź na aktualne potrzeby osób poszukujących inwestycji zapewniających wysoki poziom komfortu mieszkania w dobrze zlokalizowanej inwestycji.
Największym atutem planowanej inwestycji jest wysoki standard wykończenia budynku. Na elewacji budynku znajdą się eleganckie, szlachetne materiały wykończeniowe, a części wspólne zostaną wykończone zgodnie z dedykowanym projektem wykończenia.
W budynku zaprojektowano dwie klatki schodowe, w których cichobieżne windy łączyć będą poszczególne kondygnacje mieszkalne z garażem podziemnym.
Do garażu prowadzi podgrzewany zjazd. W środku zostaną zamontowane nowoczesne, niezależne platformy parkingowe.
Liczne przeszklenia zapewniają doskonałe doświetlenie pomieszczeń, jednocześnie dodając budynkowi niespotykanej w okolicy elegancji. 
Najbardziej atrakcyjne są apartamenty zlokalizowane na ostatnim piętrze, wyposażone w duże tarasy, z których rozpościerać się będzie widok na zieloną część osiedla. 
W odpowiedzi na oczekiwania naszych klientów w części mieszkań zaprojektowaliśmy gabinet do pracy. 
  O lokalizacji
Nowe mieszkania w Łodzi przy ul. Przybyszewskiego 167. Inwestycja Blisko - Apartamenty Grota zlokalizowana jest w znakomicie skomunikowanej części Widzewa, w centrum osiedla Zarzew. Budynek zostanie zrealizowany w oddaleniu od ulicy głównej, jak również w odpowiedniej odległości od innych budynków istniejących już na osiedlu, co zapewni przyszły mieszkańcom komfort i intymność. 
 ";Zapytaj;67,64 m²;64019429;4 miesiące temu;1 dzień temu
;20230720;"['https://ireland.apollo.olxcdn.com/v1/files/eyJmbiI6InA3d3FvazY0cnoyMS1BUEwiLCJ3IjpbeyJmbiI6ImVudmZxcWUxYXk0azEtQVBMIiwicyI6IjE0IiwicCI6IjEwLC0xMCIsImEiOiIwIn1dfQ.K60RbZswCU9LyPjbpyA0Dj9I0JJ4rnbQ8vZUtaYFLzI/image;s=184x138;q=80', 'https://ireland.apollo.olxcdn.com/v1/files/eyJmbiI6InMzYjk3aGl0NmZ4bzItQVBMIiwidyI6W3siZm4iOiJlbnZmcXFlMWF5NGsxLUFQTCIsInMiOiIxNCIsInAiOiIxMCwtMTAiLCJhIjoiMCJ9XX0.uUObJSFovW_fJtO2hamjTFoqHxs0ZERmDdEWWUSNkw4/image;s=184x138;q=80', 'https://ireland.apollo.olxcdn.com/v1/files/eyJmbiI6IjF6aWhkNnNwbDJsaS1BUEwiLCJ3IjpbeyJmbiI6ImVudmZxcWUxYXk0azEtQVBMIiwicyI6IjE0IiwicCI6IjEwLC0xMCIsImEiOiIwIn1dfQ.z-xphthCveMKwRpxwILPT2Emlr2fYtMk2kz4F8bDnG8/image;s=184x138;q=80', 'https://ireland.apollo.olxcdn.com/v1/files/eyJmbiI6IjVrYjhhZjh4cTI2dzItQVBMIiwidyI6W3siZm4iOiJlbnZmcXFlMWF5NGsxLUFQTCIsInMiOiIxNCIsInAiOiIxMCwtMTAiLCJhIjoiMCJ9XX0.ZprghqTNRhjfccS88riUE2Tn1K-LPv7b6jlRvkYAXWE/image;s=184x138;q=80', 'https://ireland.apollo.olxcdn.com/v1/files/eyJmbiI6InFqbWFqMThzbW13ZzEtQVBMIiwidyI6W3siZm4iOiJlbnZmcXFlMWF5NGsxLUFQTCIsInMiOiIxNCIsInAiOiIxMCwtMTAiLCJhIjoiMCJ9XX0.UB3nD3BgbXN8IOiXFjdZwCGGYikFynUMB6YsefMSPic/image;s=184x138;q=80', 'https://ireland.apollo.olxcdn.com/v1/files/eyJmbiI6IjFtbWdxcDNoMzZ6azMtQVBMIiwidyI6W3siZm4iOiJlbnZmcXFlMWF5NGsxLUFQTCIsInMiOiIxNCIsInAiOiIxMCwtMTAiLCJhIjoiMCJ9XX0.u7iq0zoALrw6Yt4OyCpWakT9OMhL9j2F64D_HNeNCdc/image;s=184x138;q=80', 'https://ireland.apollo.olxcdn.com/v1/files/eyJmbiI6Im14aHY5YmJsOGo3ZzItQVBMIiwidyI6W3siZm4iOiJlbnZmcXFlMWF5NGsxLUFQTCIsInMiOiIxNCIsInAiOiIxMCwtMTAiLCJhIjoiMCJ9XX0.Rnqk4zKsso8b_DT8vzTc__hbb9hMU8h5cAZ1fsjsFwY/image;s=184x138;q=80']";603 755 338;1/4;Zapytaj;brak informacji;deweloper;pierwotny;Zapytaj;brak informacji;blok;Marta Podrażka;Zapytaj;2023;Zapytaj;4;brak informacji;tak;brak informacji;brak informacji;brak informacji;balkon;brak informacji;Zapytaj;"Przedmiotem oferty jest 4-pokojowe mieszkanie znajdujące się na I piętrze budynku. Do mieszkania przynależy przestronny balkon.
Inwestycja
Helenów Park to nowa inwestycja mieszkaniowa powstająca na osiedlu Helenów w dzielnicy Łódź Bałuty, tuż obok malowniczego Parku Helenów – miejsca spotkań i wypoczynku osób aktywnych. Znakomite położenie inwestycji w bezpośrednim pobliżu centrum Łodzi oraz urokliwe sąsiedztwo zabytkowego parku stwarzają idealne warunki do życia w mieście.  
Kawalerka, wygodne mieszkanie dla rodziny, a może luksusowy 2-poziomowy apartament 
z antresolą? W ofercie Helenów Park znajduje się 180 mieszkań o zróżnicowanych metrażach od 25m2 do 120 m2. Każde mieszkanie posiada balkon, taras lub ogródek, co umożliwia stworzenie własnych wyjątkowych stref relaksu. Pod budynkiem znajdzie się jednopoziomowa hala garażowa, do której z pięter mieszkalnych będą zjeżdżały nowoczesne widny. Pomieści łącznie 190 samochodów należących do mieszkańców. W garażu znajdą się również wygodne komórki lokatorskie. 
Zieleń wokół osiedla zostanie zagospodarowana, tak by mieszkańcy mogli cieszyć się pięknym dziedzińcem. Z najwyższych pięter budynku będzie rozpościerał się malowniczy widok na pobliski park oraz panoramę miasta.
  Lokalizacja
Położenie inwestycji w bezpośrednim sąsiedztwie pięknego Parku Helenów, u zbiegu ulic Smugowej i Źródłowej, to jeden z największych atutów projektu Bliskość szkół, sklepów, punktów medycznych, nowoczesnych centrów handlowych oraz biznesowych usprawnia codzienne funkcjonowanie Dojazd do ścisłego centrum Łodzi z terenu osiedla zajmuje zaledwie 10 minut. 
W pieszym zasięgu inwestycji znajdują się:
zabytkowy Park Helenów – 50 m
przystanek komunikacji miejskiej – 150m 
sklepy spożywcze, lokale usługowe – 300 m 
przedszkole, szkoła podstawowa, liceum – 1 km 
poczta– 150 m
stacja rowerowa -  200 m
szpital i placówki medyczne– 800 m
Sterlinga Business Center – 700 m
Green Horizon Office Center – 1,1 km
restauracje – 350 m
klub sportowy – 600 m
Teatr Muzyczny– 700 m";Zapytaj;74,65 m²;62586082;1 rok temu;1 dzień temu
a4437315-d9f7-475d-9d03-ca4f1fdaefe8;20230720;"['https://ireland.apollo.olxcdn.com/v1/files/eyJmbiI6Im54c2tuYmt6OGd0MDMtRUNPU1lTVEVNIiwidyI6W3siZm4iOiJlbnZmcXFlMWF5NGsxLUFQTCIsInMiOiIxNCIsInAiOiIxMCwtMTAiLCJhIjoiMCJ9XX0.VreD3vjnN-J_0by7eVIyR7TPPef0wKXg5RBsIx2PmBw/image;s=184x138;q=80', 'https://ireland.apollo.olxcdn.com/v1/files/eyJmbiI6InMxNGswZW5yd3h6dDItRUNPU1lTVEVNIiwidyI6W3siZm4iOiJlbnZmcXFlMWF5NGsxLUFQTCIsInMiOiIxNCIsInAiOiIxMCwtMTAiLCJhIjoiMCJ9XX0.9yJv4g5otXNRoMqQCSee6zBRCOZ9fSimDMz2KL3qWNo/image;s=184x138;q=80', 'https://ireland.apollo.olxcdn.com/v1/files/eyJmbiI6IjU2YmRzenFnYnc3ci1FQ09TWVNURU0iLCJ3IjpbeyJmbiI6ImVudmZxcWUxYXk0azEtQVBMIiwicyI6IjE0IiwicCI6IjEwLC0xMCIsImEiOiIwIn1dfQ.5BrXiNBGg8s83YWKgYgMlM1hkxrqk5GeGm9fWNhg9g4/image;s=184x138;q=80', 'https://ireland.apollo.olxcdn.com/v1/files/eyJmbiI6IjJ5NzFmYTUwazBlaDEtRUNPU1lTVEVNIiwidyI6W3siZm4iOiJlbnZmcXFlMWF5NGsxLUFQTCIsInMiOiIxNCIsInAiOiIxMCwtMTAiLCJhIjoiMCJ9XX0.QbITKYnZToofKcarD2ebGH4gL9RCb2QGbHGMkfAsK-k/image;s=184x138;q=80', 'https://ireland.apollo.olxcdn.com/v1/files/eyJmbiI6Ijd6cngzbXRhbzlwejEtRUNPU1lTVEVNIiwidyI6W3siZm4iOiJlbnZmcXFlMWF5NGsxLUFQTCIsInMiOiIxNCIsInAiOiIxMCwtMTAiLCJhIjoiMCJ9XX0.jJFT2Dxchx78eLbULcEdUYP05WkYBzdCOzPN81ub6FI/image;s=184x138;q=80', 'https://ireland.apollo.olxcdn.com/v1/files/eyJmbiI6ImUzbzV2czl4dmo4ay1FQ09TWVNURU0iLCJ3IjpbeyJmbiI6ImVudmZxcWUxYXk0azEtQVBMIiwicyI6IjE0IiwicCI6IjEwLC0xMCIsImEiOiIwIn1dfQ.qeeySG1jUUheJxZ91FbDgTmWFK0x3BsGGBVhxPaNP7Y/image;s=184x138;q=80', 'https://ireland.apollo.olxcdn.com/v1/files/eyJmbiI6Im54c2tuYmt6OGd0MDMtRUNPU1lTVEVNIiwidyI6W3siZm4iOiJlbnZmcXFlMWF5NGsxLUFQTCIsInMiOiIxNCIsInAiOiIxMCwtMTAiLCJhIjoiMCJ9XX0.VreD3vjnN-J_0by7eVIyR7TPPef0wKXg5RBsIx2PmBw/image;s=184x138;q=80']";573 504 409;1/2;Zapytaj;;;;Zapytaj;;;Tomasz Gędek;Zapytaj;;do wykończenia;2;;;;;;balkon;;pełna własność;"2-pokojowe mieszkanie numer B.07 na 1. piętrze w Inwestycji Modern Loft Dewelopera OPG Property Professionals
Zrewitalizowany historyczny budynek elektrowni parowej
Ponadstandardowa wysokość pomieszczeń, duże przeszklenia, odkryta cegła i belki
Park Reymonta (8 minut spacerem)
Przystanek autobusowy (2 minuty spacerem), przystanek tramwajowy (7 minut spacerem)
Lidl (5 minut spacerem)
Pasaż Łódzki (5 minut samochodem)
Łódzki Park Kultury Miejskiej, Centralne Muzeum Włókiennictwa w Łodzi (7 minut spacerem)
Politechnika Łódzka (2 minuty spacerem)

Modern Loft - poznaj inwestycję
Inwestycja Modern Loft to budynek, który w XIX wieku pełnił funkcję elektrowni parowej. Budynek zachowa ceglaną elewacje, zyska ocieplenie od wewnątrz oraz nowoczesne okna o historycznym wyglądzie. Części wspólne zostaną elegancko wykończone oraz dopełnione małym lobby. W inwestycji przewidziano zaledwie dwanaście ekskluzywnych lokali – cechują się ona olbrzymimi przeszkleniami, dużą wysokością pomieszczeń oraz widoczną cegłą, która gwarantuje niepowtarzalny charakter wnętrz. W ofercie są: kompaktowe lokale o powierzchni około 45 mkw., trzypokojowe lofty o metrażu od 63 do 75 mkw. oraz dwupoziomowe, stylowe penthousy liczące ponad 120 mkw. na dwóch kondygnacjach. Do parterowych mieszkań przynależą ogródki, natomiast na wyższych kondygnacjach przewidziano balkony. Nadbudowana, nowoczesna kondygnacja to przestrzeń na dwupoziomowe lofty z przynależnymi tarasami. Lokale mogą zostać dopasowane do przyszłych mieszkańców – istnieje możliwość zmiany położenia lub usunięcia ścian działowych oraz dowolne zaaranżowanie wnętrza.

Modern Loft - lokalizacja

Górniak, ul. Wróblewskiego
1,9 km do centrum
3 min. spacerem do przystanku autobusowego
5 min. spacerem do przystanku tramwajowego
dojazd do centrum: 8 min samochodem
Istotne punkty w okolicy inwestycji
Przystanek autobusowy (162 m, 3 minuty spacerem)
Przystanek tramwajowy (331 m, 5 minut spacerem)
Siłownia (371 m, 5 minut spacerem)
Basen (383 m, 5 minut spacerem)
Restauracja (383 m, 5 minut spacerem)
Kawiarnia (394 m, 5 minut spacerem)
Sklep: Lidl (381 m, 5 minut spacerem)
Szkoła Wyższa (494 m, 7 minut spacerem)
Przedszkole (534 m, 7 minut spacerem)
Piekarnia (568 m, 8 minut spacerem)
Apteka (647 m, 8 minut spacerem)
Park (751 m, 10 minut spacerem)
Łódzki Park Kultury Miejskiej (814 m, 11 minut spacerem)
Poczta (924 m, 12 minut spacerem)

Oferta pochodzi z serwisu obido";Wirtualny spacer;42,89 m²;63425979;11 miesięcy temu;3 godziny temu
f96a84fd-6b14-44db-8e33-5979e7817808;20230720;"['https://ireland.apollo.olxcdn.com/v1/files/eyJmbiI6ImR6aTBoM2I5N3p4cjMtRUNPU1lTVEVNIiwidyI6W3siZm4iOiJlbnZmcXFlMWF5NGsxLUFQTCIsInMiOiIxNCIsInAiOiIxMCwtMTAiLCJhIjoiMCJ9XX0.rbBQPHC3ZaAMdRDfIcBrO0IcFF-BC7Ed8pP0E8G4h24/image;s=184x138;q=80', 'https://ireland.apollo.olxcdn.com/v1/files/eyJmbiI6InRmZmZrMDAyZXZjYzEtRUNPU1lTVEVNIiwidyI6W3siZm4iOiJlbnZmcXFlMWF5NGsxLUFQTCIsInMiOiIxNCIsInAiOiIxMCwtMTAiLCJhIjoiMCJ9XX0.kVEOg7ovuwMA-0zQs-Aa3kSBeHulSEB17-QuIBgbwvU/image;s=184x138;q=80', 'https://ireland.apollo.olxcdn.com/v1/files/eyJmbiI6Inl0MGZuMmllYXp3cS1FQ09TWVNURU0iLCJ3IjpbeyJmbiI6ImVudmZxcWUxYXk0azEtQVBMIiwicyI6IjE0IiwicCI6IjEwLC0xMCIsImEiOiIwIn1dfQ.FPh5UteRdMheGPbkImStJPfwTRPSmclsvPXn-fHMMrw/image;s=184x138;q=80', 'https://ireland.apollo.olxcdn.com/v1/files/eyJmbiI6ImR6aTBoM2I5N3p4cjMtRUNPU1lTVEVNIiwidyI6W3siZm4iOiJlbnZmcXFlMWF5NGsxLUFQTCIsInMiOiIxNCIsInAiOiIxMCwtMTAiLCJhIjoiMCJ9XX0.rbBQPHC3ZaAMdRDfIcBrO0IcFF-BC7Ed8pP0E8G4h24/image;s=184x138;q=80', 'https://ireland.apollo.olxcdn.com/v1/files/eyJmbiI6IjA3Y3ZtMWNqaDFiNi1FQ09TWVNURU0iLCJ3IjpbeyJmbiI6ImVudmZxcWUxYXk0azEtQVBMIiwicyI6IjE0IiwicCI6IjEwLC0xMCIsImEiOiIwIn1dfQ.mozm1vQx48Sibj-CGCk8XtjygSN_-6OeTutyma5-5Lo/image;s=184x138;q=80', 'https://ireland.apollo.olxcdn.com/v1/files/eyJmbiI6ImVya2kzcDZiczBkMDEtRUNPU1lTVEVNIiwidyI6W3siZm4iOiJlbnZmcXFlMWF5NGsxLUFQTCIsInMiOiIxNCIsInAiOiIxMCwtMTAiLCJhIjoiMCJ9XX0.Mf7iusuZrRBimLboW7yfGaoJ0OhHFqxIiv08aR6aq30/image;s=184x138;q=80']";42 616 10 17;> 10/13;Zapytaj;;;;Zapytaj;;;Izabela Adamczyk;garaż/miejsce parkingowe;;do wykończenia;5;;;;;;Zapytaj;;pełna własność;"5-pokojowe mieszkanie numer AA.88 na 13. piętrze w budynku AA w Inwestycji Strefa Progress Dewelopera Okam Capital
Park im. ks. J. Poniatowskiego (10 minut spacerem)
Przystanek autobusowy (1 minuta spacerem)
Przystanek tramwajowy (5 minut spacerem)
Centrum ""Piotrkowska 217"" (1 minuta spacerem)
Biedronka (7 minut spacerem)
Galeria Łódzka (12 minut spacerem)
Kino ""Charlie"" (8 minut spacerem)
Politechnika Łódzka (4 minuty spacerem)

Strefa Progress - poznaj inwestycję
Wybierz mieszkanie od 33 do 155 mkw. i zamieszkaj w samym centrum Łodzi!
Strefa PROGRESS to projekt mixed-use, czyli: mieszkania, sztuka, kultura, gastronomia w jednym miejscu. Inwestycja sąsiaduje z najważniejszym punktem kulturalno-rozrywkowym na mapie Łodzi – Strefą Piotrkowska 217. To oznacza, że wszystkie uroki życia miejskiego i kulturalnego są w zasięgu ręki. To nie tylko mieszkania, ale i styl życia w postindustrialnym klimacie.
Inwestycja Strefa Progress składa się z 5 nowoczesnych budynków wielorodzinnych o 14 kondygnacjach naziemnych. Pełna oferta przedstawia 256 funkcjonalnych mieszkań liczących do 155 mkw. W inwestycji znajdą się lokale z przynależącym ogródkiem, balkonem lub loggią.
Na terenie osiedla nie zabraknie recepcji, strefy co-working, klubu fitness, placu zabaw, pralni, paczkomatu oraz darmowej wypożyczalni rowerów, hulajnóg i pojazdów elektrycznych. Mieszkańcy będą mogli korzystać także z garażu podziemnego oraz punktów do ładowania elektrycznych pojazdów. Inwestycja zostanie wyposażona w monitoring oraz całodobową ochronę.

Strefa Progress - lokalizacja

Śródmieście, al. Kościuszki/ul. Piotrkowska
0,8 km do centrum
2 min. spacerem do przystanku autobusowego
5 min. spacerem do przystanku tramwajowego
dojazd do centrum: 5 min samochodem
Istotne punkty w okolicy inwestycji
Restauracja (11 m, 1 minuta spacerem)
Kawiarnia (20 m, 1 minuta spacerem)
Przystanek autobusowy (118 m, 2 minuty spacerem)
Apteka (323 m, 4 minuty spacerem)
Przystanek tramwajowy (408 m, 5 minut spacerem)
Poczta (422 m, 6 minut spacerem)
Piekarnia (492 m, 7 minut spacerem)
Muzeum Oświaty Ziemi Łódzkiej (519 m, 7 minut spacerem)
Lekarz (570 m, 8 minut spacerem)
Sklep: Biedronka (576 m, 8 minut spacerem)
Kino (653 m, 9 minut spacerem)
Szkoła Podstawowa (665 m, 9 minut spacerem)
Weterynarz (728 m, 10 minut spacerem)
Przedszkole (766 m, 10 minut spacerem)
Szkoła Wyższa (841 m, 11 minut spacerem)

Oferta pochodzi z serwisu obido";Wirtualny spacer;155,87 m²;62659459;1 rok temu;3 godziny temu
79f465ab-7383-4ec1-b538-781b38ae254e;20230720;"['https://ireland.apollo.olxcdn.com/v1/files/eyJmbiI6Im10bDBnaHNvcjhndDEtRUNPU1lTVEVNIiwidyI6W3siZm4iOiJlbnZmcXFlMWF5NGsxLUFQTCIsInMiOiIxNCIsInAiOiIxMCwtMTAiLCJhIjoiMCJ9XX0.U45iCF3C29D0XH-JGOUuVI1NhTJpsxnYjf47UCQYJIw/image;s=184x138;q=80', 'https://ireland.apollo.olxcdn.com/v1/files/eyJmbiI6InpmYXFheXh5Y2kxMDMtRUNPU1lTVEVNIiwidyI6W3siZm4iOiJlbnZmcXFlMWF5NGsxLUFQTCIsInMiOiIxNCIsInAiOiIxMCwtMTAiLCJhIjoiMCJ9XX0.jPkkcYW3WlQbYejl0HgvZ-Y-JTejvboxSapSF3tppaI/image;s=184x138;q=80', 'https://ireland.apollo.olxcdn.com/v1/files/eyJmbiI6ImtxYTJsM3FoemFydTItRUNPU1lTVEVNIiwidyI6W3siZm4iOiJlbnZmcXFlMWF5NGsxLUFQTCIsInMiOiIxNCIsInAiOiIxMCwtMTAiLCJhIjoiMCJ9XX0.ZubkTqTWVkatmu8R-N8kJqNVQfxyImI4aO5AmRLKtaI/image;s=184x138;q=80', 'https://ireland.apollo.olxcdn.com/v1/files/eyJmbiI6IjAxeDM5YW13bjc2bi1FQ09TWVNURU0iLCJ3IjpbeyJmbiI6ImVudmZxcWUxYXk0azEtQVBMIiwicyI6IjE0IiwicCI6IjEwLC0xMCIsImEiOiIwIn1dfQ.aeycvKpGXDIm_rsA4RVXoQX4ePylzcDUZtdaefXXAn0/image;s=184x138;q=80', 'https://ireland.apollo.olxcdn.com/v1/files/eyJmbiI6InU1bWY3bnZkcXhuZjMtRUNPU1lTVEVNIiwidyI6W3siZm4iOiJlbnZmcXFlMWF5NGsxLUFQTCIsInMiOiIxNCIsInAiOiIxMCwtMTAiLCJhIjoiMCJ9XX0.bJU33lO-9kMLvcCCGOYnXzKBLJBQ0AZc5ERFPORBH5A/image;s=184x138;q=80', 'https://ireland.apollo.olxcdn.com/v1/files/eyJmbiI6Im10bDBnaHNvcjhndDEtRUNPU1lTVEVNIiwidyI6W3siZm4iOiJlbnZmcXFlMWF5NGsxLUFQTCIsInMiOiIxNCIsInAiOiIxMCwtMTAiLCJhIjoiMCJ9XX0.U45iCF3C29D0XH-JGOUuVI1NhTJpsxnYjf47UCQYJIw/image;s=184x138;q=80', 'https://ireland.apollo.olxcdn.com/v1/files/eyJmbiI6Imw0MjM0NnhoaTcwZDMtRUNPU1lTVEVNIiwidyI6W3siZm4iOiJlbnZmcXFlMWF5NGsxLUFQTCIsInMiOiIxNCIsInAiOiIxMCwtMTAiLCJhIjoiMCJ9XX0.OHvz6Y8yyxMVmX9B6x8DCSG8yK8L0HNQYi4wnG1pn_o/image;s=184x138;q=80']";573 568 582;1/7;Zapytaj;;;;Zapytaj;;;Małgorzata Pawlicka;garaż/miejsce parkingowe;;do wykończenia;2;;;;;;ogródek;;pełna własność;"2-pokojowe mieszkanie numer 10 na 1. piętrze w Inwestycji Corso Dewelopera VFM Real Estate
Reprezentacyjny deptak zakończony zielonym skwerem miejskim
Paczkomaty i parkingi dla rowerów na terenie osiedla
Stacje ładowania samochodów elektrycznych
Park im. marszałka Józefa Piłsudskiego (13 minut spacerem)
Przystanek autobusowy (4 minuty spacerem)
Przystanek tramwajowy (8 minut spacerem)
Netto (9 minut spacerem)
CH Manufaktura, Cinema City (6 minut samochodem)

Corso - poznaj inwestycję
Inwestycja Corso to nowoczesny projekt obejmujący budowę 13 budynków liczących od 5 do 12 kondygnacji. W pierwszym budynku znajdzie się łącznie112 lokali o metrażach od 32 do 100 mkw.oraz układach 1-, 2-, 3-, 4- i 5-pokojowych. Do mieszkań przynależeć będą balkony, ogródki i tarasy.
Wizytówką osiedla będzie reprezentacyjny deptak biegnący wzdłuż całego osiedla, zakończony zielonym skwerem miejskim z kawiarnią w kształcie okręgu. Do dyspozycji mieszkańców pozostaną także strefy rekreacyjne, klika placów zabaw dla najmłodszych, paczkomaty, lokale usługowe i gastronomiczne z ogródkami, market spożywczy oraz punkt przedszkolny. Dostępne będą również miejsca parkingowe w garażu podziemnym, miejsca parkingowe dla gości, stacje ładowania pojazdów elektrycznych, parkingi dla rowerów oraz boksy rowerowe. Budynki zostaną wyposażone w system jednego klucza, nowoczesne światłowody, instalacje pod wideodomofony, oświetlenie led oraz komórki lokatorskie.

Corso - lokalizacja

Stare Polesie, ul. Kasprzaka
2,3 km do centrum
4 min. spacerem do przystanku autobusowego
9 min. spacerem do przystanku tramwajowego
dojazd do centrum: 16 min samochodem
Istotne punkty w okolicy inwestycji
Przystanek autobusowy (295 m, 4 minuty spacerem)
Apteka (507 m, 7 minut spacerem)
Przedszkole (619 m, 8 minut spacerem)
Przystanek tramwajowy (663 m, 9 minut spacerem)
Poczta (743 m, 10 minut spacerem)
Szkoła Wyższa (773 m, 10 minut spacerem)
Siłownia (777 m, 10 minut spacerem)
Szkoła Podstawowa (913 m, 12 minut spacerem)
Piekarnia (947 m, 12 minut spacerem)
Weterynarz (977 m, 13 minut spacerem)

Oferta pochodzi z serwisu obido";Wirtualny spacer;39,87 m²;63607771;9 miesięcy temu;5 godzin temu
222afab9-324b-4aa4-9b6c-c9768bc3e49c;20230720;"['https://ireland.apollo.olxcdn.com/v1/files/eyJmbiI6IjA3Y3ZtMWNqaDFiNi1FQ09TWVNURU0iLCJ3IjpbeyJmbiI6ImVudmZxcWUxYXk0azEtQVBMIiwicyI6IjE0IiwicCI6IjEwLC0xMCIsImEiOiIwIn1dfQ.mozm1vQx48Sibj-CGCk8XtjygSN_-6OeTutyma5-5Lo/image;s=184x138;q=80', 'https://ireland.apollo.olxcdn.com/v1/files/eyJmbiI6IjBsdmp5ZDd3YjF3ci1FQ09TWVNURU0iLCJ3IjpbeyJmbiI6ImVudmZxcWUxYXk0azEtQVBMIiwicyI6IjE0IiwicCI6IjEwLC0xMCIsImEiOiIwIn1dfQ.nju1iBwGUC2WSp7sBAeNPOed59EekpYJO-LWkwUpFBE/image;s=184x138;q=80', 'https://ireland.apollo.olxcdn.com/v1/files/eyJmbiI6InpkcHF5cG83cjVvMy1FQ09TWVNURU0iLCJ3IjpbeyJmbiI6ImVudmZxcWUxYXk0azEtQVBMIiwicyI6IjE0IiwicCI6IjEwLC0xMCIsImEiOiIwIn1dfQ.05GlpsNrl2eoCG0xVUbAQJzCulAeXrGhJfd6Aox6nXk/image;s=184x138;q=80', 'https://ireland.apollo.olxcdn.com/v1/files/eyJmbiI6Inl0MGZuMmllYXp3cS1FQ09TWVNURU0iLCJ3IjpbeyJmbiI6ImVudmZxcWUxYXk0azEtQVBMIiwicyI6IjE0IiwicCI6IjEwLC0xMCIsImEiOiIwIn1dfQ.FPh5UteRdMheGPbkImStJPfwTRPSmclsvPXn-fHMMrw/image;s=184x138;q=80', 'https://ireland.apollo.olxcdn.com/v1/files/eyJmbiI6ImR6aTBoM2I5N3p4cjMtRUNPU1lTVEVNIiwidyI6W3siZm4iOiJlbnZmcXFlMWF5NGsxLUFQTCIsInMiOiIxNCIsInAiOiIxMCwtMTAiLCJhIjoiMCJ9XX0.rbBQPHC3ZaAMdRDfIcBrO0IcFF-BC7Ed8pP0E8G4h24/image;s=184x138;q=80', 'https://ireland.apollo.olxcdn.com/v1/files/eyJmbiI6IjA3Y3ZtMWNqaDFiNi1FQ09TWVNURU0iLCJ3IjpbeyJmbiI6ImVudmZxcWUxYXk0azEtQVBMIiwicyI6IjE0IiwicCI6IjEwLC0xMCIsImEiOiIwIn1dfQ.mozm1vQx48Sibj-CGCk8XtjygSN_-6OeTutyma5-5Lo/image;s=184x138;q=80', 'https://ireland.apollo.olxcdn.com/v1/files/eyJmbiI6ImVya2kzcDZiczBkMDEtRUNPU1lTVEVNIiwidyI6W3siZm4iOiJlbnZmcXFlMWF5NGsxLUFQTCIsInMiOiIxNCIsInAiOiIxMCwtMTAiLCJhIjoiMCJ9XX0.Mf7iusuZrRBimLboW7yfGaoJ0OhHFqxIiv08aR6aq30/image;s=184x138;q=80']";42 616 10 17;7/11;Zapytaj;;;;Zapytaj;;;Izabela Adamczyk;garaż/miejsce parkingowe;;do wykończenia;1;;;;;;Zapytaj;;pełna własność;"1-pokojowe mieszkanie numer AB.39 na 7. piętrze w budynku AB w Inwestycji Strefa Progress Dewelopera Okam Capital
Park im. ks. J. Poniatowskiego (10 minut spacerem)
Przystanek autobusowy (1 minuta spacerem)
Przystanek tramwajowy (5 minut spacerem)
Centrum ""Piotrkowska 217"" (1 minuta spacerem)
Biedronka (7 minut spacerem)
Galeria Łódzka (12 minut spacerem)
Kino ""Charlie"" (8 minut spacerem)
Politechnika Łódzka (4 minuty spacerem)

Strefa Progress - poznaj inwestycję
Wybierz mieszkanie od 33 do 155 mkw. i zamieszkaj w samym centrum Łodzi!
Strefa PROGRESS to projekt mixed-use, czyli: mieszkania, sztuka, kultura, gastronomia w jednym miejscu. Inwestycja sąsiaduje z najważniejszym punktem kulturalno-rozrywkowym na mapie Łodzi – Strefą Piotrkowska 217. To oznacza, że wszystkie uroki życia miejskiego i kulturalnego są w zasięgu ręki. To nie tylko mieszkania, ale i styl życia w postindustrialnym klimacie.
Inwestycja Strefa Progress składa się z 5 nowoczesnych budynków wielorodzinnych o 14 kondygnacjach naziemnych. Pełna oferta przedstawia 256 funkcjonalnych mieszkań liczących do 155 mkw. W inwestycji znajdą się lokale z przynależącym ogródkiem, balkonem lub loggią.
Na terenie osiedla nie zabraknie recepcji, strefy co-working, klubu fitness, placu zabaw, pralni, paczkomatu oraz darmowej wypożyczalni rowerów, hulajnóg i pojazdów elektrycznych. Mieszkańcy będą mogli korzystać także z garażu podziemnego oraz punktów do ładowania elektrycznych pojazdów. Inwestycja zostanie wyposażona w monitoring oraz całodobową ochronę.

Strefa Progress - lokalizacja

Śródmieście, al. Kościuszki/ul. Piotrkowska
0,8 km do centrum
2 min. spacerem do przystanku autobusowego
5 min. spacerem do przystanku tramwajowego
dojazd do centrum: 5 min samochodem
Istotne punkty w okolicy inwestycji
Restauracja (11 m, 1 minuta spacerem)
Kawiarnia (20 m, 1 minuta spacerem)
Przystanek autobusowy (118 m, 2 minuty spacerem)
Apteka (323 m, 4 minuty spacerem)
Przystanek tramwajowy (408 m, 5 minut spacerem)
Poczta (422 m, 6 minut spacerem)
Piekarnia (492 m, 7 minut spacerem)
Muzeum Oświaty Ziemi Łódzkiej (519 m, 7 minut spacerem)
Lekarz (570 m, 8 minut spacerem)
Sklep: Biedronka (576 m, 8 minut spacerem)
Kino (653 m, 9 minut spacerem)
Szkoła Podstawowa (665 m, 9 minut spacerem)
Weterynarz (728 m, 10 minut spacerem)
Przedszkole (766 m, 10 minut spacerem)
Szkoła Wyższa (841 m, 11 minut spacerem)

Oferta pochodzi z serwisu obido";Wirtualny spacer;33,76 m²;62517144;1 rok temu;3 godziny temu
0bdea491-cb03-4ac4-8352-d20a5a14428a;20230720;"['https://ireland.apollo.olxcdn.com/v1/files/eyJmbiI6Ijd6cngzbXRhbzlwejEtRUNPU1lTVEVNIiwidyI6W3siZm4iOiJlbnZmcXFlMWF5NGsxLUFQTCIsInMiOiIxNCIsInAiOiIxMCwtMTAiLCJhIjoiMCJ9XX0.jJFT2Dxchx78eLbULcEdUYP05WkYBzdCOzPN81ub6FI/image;s=184x138;q=80', 'https://ireland.apollo.olxcdn.com/v1/files/eyJmbiI6Imc1dndxNHhzanNsNjEtRUNPU1lTVEVNIiwidyI6W3siZm4iOiJlbnZmcXFlMWF5NGsxLUFQTCIsInMiOiIxNCIsInAiOiIxMCwtMTAiLCJhIjoiMCJ9XX0.aow5zv76754hcn2pudxM1BQX6d0M54Uu1S92f82IEiE/image;s=184x138;q=80', 'https://ireland.apollo.olxcdn.com/v1/files/eyJmbiI6IjAxaTZrd2p3ZnpzdTMtRUNPU1lTVEVNIiwidyI6W3siZm4iOiJlbnZmcXFlMWF5NGsxLUFQTCIsInMiOiIxNCIsInAiOiIxMCwtMTAiLCJhIjoiMCJ9XX0.RfArqfCx1Ul0yYwNB1_i-zbXVY9YxKKTnLh9QwUINMY/image;s=184x138;q=80', 'https://ireland.apollo.olxcdn.com/v1/files/eyJmbiI6IjJ5NzFmYTUwazBlaDEtRUNPU1lTVEVNIiwidyI6W3siZm4iOiJlbnZmcXFlMWF5NGsxLUFQTCIsInMiOiIxNCIsInAiOiIxMCwtMTAiLCJhIjoiMCJ9XX0.QbITKYnZToofKcarD2ebGH4gL9RCb2QGbHGMkfAsK-k/image;s=184x138;q=80', 'https://ireland.apollo.olxcdn.com/v1/files/eyJmbiI6Ijd6cngzbXRhbzlwejEtRUNPU1lTVEVNIiwidyI6W3siZm4iOiJlbnZmcXFlMWF5NGsxLUFQTCIsInMiOiIxNCIsInAiOiIxMCwtMTAiLCJhIjoiMCJ9XX0.jJFT2Dxchx78eLbULcEdUYP05WkYBzdCOzPN81ub6FI/image;s=184x138;q=80', 'https://ireland.apollo.olxcdn.com/v1/files/eyJmbiI6ImUzbzV2czl4dmo4ay1FQ09TWVNURU0iLCJ3IjpbeyJmbiI6ImVudmZxcWUxYXk0azEtQVBMIiwicyI6IjE0IiwicCI6IjEwLC0xMCIsImEiOiIwIn1dfQ.qeeySG1jUUheJxZ91FbDgTmWFK0x3BsGGBVhxPaNP7Y/image;s=184x138;q=80', 'https://ireland.apollo.olxcdn.com/v1/files/eyJmbiI6Im54c2tuYmt6OGd0MDMtRUNPU1lTVEVNIiwidyI6W3siZm4iOiJlbnZmcXFlMWF5NGsxLUFQTCIsInMiOiIxNCIsInAiOiIxMCwtMTAiLCJhIjoiMCJ9XX0.VreD3vjnN-J_0by7eVIyR7TPPef0wKXg5RBsIx2PmBw/image;s=184x138;q=80']";573 504 409;1/2;Zapytaj;;;;Zapytaj;;;Tomasz Gędek;Zapytaj;;do wykończenia;3;;;;;;balkon;;pełna własność;"3-pokojowe mieszkanie numer B.05 na 1. piętrze w Inwestycji Modern Loft Dewelopera OPG Property Professionals
Zrewitalizowany historyczny budynek elektrowni parowej
Ponadstandardowa wysokość pomieszczeń, duże przeszklenia, odkryta cegła i belki
Park Reymonta (8 minut spacerem)
Przystanek autobusowy (2 minuty spacerem), przystanek tramwajowy (7 minut spacerem)
Lidl (5 minut spacerem)
Pasaż Łódzki (5 minut samochodem)
Łódzki Park Kultury Miejskiej, Centralne Muzeum Włókiennictwa w Łodzi (7 minut spacerem)
Politechnika Łódzka (2 minuty spacerem)

Modern Loft - poznaj inwestycję
Inwestycja Modern Loft to budynek, który w XIX wieku pełnił funkcję elektrowni parowej. Budynek zachowa ceglaną elewacje, zyska ocieplenie od wewnątrz oraz nowoczesne okna o historycznym wyglądzie. Części wspólne zostaną elegancko wykończone oraz dopełnione małym lobby. W inwestycji przewidziano zaledwie dwanaście ekskluzywnych lokali – cechują się ona olbrzymimi przeszkleniami, dużą wysokością pomieszczeń oraz widoczną cegłą, która gwarantuje niepowtarzalny charakter wnętrz. W ofercie są: kompaktowe lokale o powierzchni około 45 mkw., trzypokojowe lofty o metrażu od 63 do 75 mkw. oraz dwupoziomowe, stylowe penthousy liczące ponad 120 mkw. na dwóch kondygnacjach. Do parterowych mieszkań przynależą ogródki, natomiast na wyższych kondygnacjach przewidziano balkony. Nadbudowana, nowoczesna kondygnacja to przestrzeń na dwupoziomowe lofty z przynależnymi tarasami. Lokale mogą zostać dopasowane do przyszłych mieszkańców – istnieje możliwość zmiany położenia lub usunięcia ścian działowych oraz dowolne zaaranżowanie wnętrza.

Modern Loft - lokalizacja

Górniak, ul. Wróblewskiego
1,9 km do centrum
3 min. spacerem do przystanku autobusowego
5 min. spacerem do przystanku tramwajowego
dojazd do centrum: 8 min samochodem
Istotne punkty w okolicy inwestycji
Przystanek autobusowy (162 m, 3 minuty spacerem)
Przystanek tramwajowy (331 m, 5 minut spacerem)
Siłownia (371 m, 5 minut spacerem)
Basen (383 m, 5 minut spacerem)
Restauracja (383 m, 5 minut spacerem)
Kawiarnia (394 m, 5 minut spacerem)
Sklep: Lidl (381 m, 5 minut spacerem)
Szkoła Wyższa (494 m, 7 minut spacerem)
Przedszkole (534 m, 7 minut spacerem)
Piekarnia (568 m, 8 minut spacerem)
Apteka (647 m, 8 minut spacerem)
Park (751 m, 10 minut spacerem)
Łódzki Park Kultury Miejskiej (814 m, 11 minut spacerem)
Poczta (924 m, 12 minut spacerem)

Oferta pochodzi z serwisu obido";Wirtualny spacer;65,16 m²;63425980;11 miesięcy temu;3 godziny temu
db32f8ad-29d5-43bd-8c73-2fb58328d039;20230720;"['https://ireland.apollo.olxcdn.com/v1/files/eyJmbiI6InFyem9mbDkwdWZxczMtRUNPU1lTVEVNIiwidyI6W3siZm4iOiJlbnZmcXFlMWF5NGsxLUFQTCIsInMiOiIxNCIsInAiOiIxMCwtMTAiLCJhIjoiMCJ9XX0.tRPv2zlH9wIe8yCW3WgIajodz775Y5uc7t8EdM1aVqI/image;s=184x138;q=80', 'https://ireland.apollo.olxcdn.com/v1/files/eyJmbiI6IndyMTlmNGpwY2RrNzEtRUNPU1lTVEVNIiwidyI6W3siZm4iOiJlbnZmcXFlMWF5NGsxLUFQTCIsInMiOiIxNCIsInAiOiIxMCwtMTAiLCJhIjoiMCJ9XX0.eEIpY-RImel2vxkzMOaEq--sYbkQ4ALAbteg2lk4HCo/image;s=184x138;q=80', 'https://ireland.apollo.olxcdn.com/v1/files/eyJmbiI6IjVsc3JuNHE3anNtcS1FQ09TWVNURU0iLCJ3IjpbeyJmbiI6ImVudmZxcWUxYXk0azEtQVBMIiwicyI6IjE0IiwicCI6IjEwLC0xMCIsImEiOiIwIn1dfQ.8CYDlKq-OTZkX_ip2jsnFXaRojmowBhyaiU3wx5B1cE/image;s=184x138;q=80', 'https://ireland.apollo.olxcdn.com/v1/files/eyJmbiI6InFyem9mbDkwdWZxczMtRUNPU1lTVEVNIiwidyI6W3siZm4iOiJlbnZmcXFlMWF5NGsxLUFQTCIsInMiOiIxNCIsInAiOiIxMCwtMTAiLCJhIjoiMCJ9XX0.tRPv2zlH9wIe8yCW3WgIajodz775Y5uc7t8EdM1aVqI/image;s=184x138;q=80', 'https://ireland.apollo.olxcdn.com/v1/files/eyJmbiI6InVwbWtrYnF3YTdieTItRUNPU1lTVEVNIiwidyI6W3siZm4iOiJlbnZmcXFlMWF5NGsxLUFQTCIsInMiOiIxNCIsInAiOiIxMCwtMTAiLCJhIjoiMCJ9XX0.NK1UKdqaDgmRnipUpdvZ6HJf6EzgcE-0ot6cnt6ydXY/image;s=184x138;q=80', 'https://ireland.apollo.olxcdn.com/v1/files/eyJmbiI6ImJhaGsxOGxuMmc5YTMtRUNPU1lTVEVNIiwidyI6W3siZm4iOiJlbnZmcXFlMWF5NGsxLUFQTCIsInMiOiIxNCIsInAiOiIxMCwtMTAiLCJhIjoiMCJ9XX0.EYZgZ6YS_vE-Ergp8N7tnCcD_jwbDRGHyjNECXBgj0o/image;s=184x138;q=80', 'https://ireland.apollo.olxcdn.com/v1/files/eyJmbiI6Im4ya2l4bDk3ZTRnYzEtRUNPU1lTVEVNIiwidyI6W3siZm4iOiJlbnZmcXFlMWF5NGsxLUFQTCIsInMiOiIxNCIsInAiOiIxMCwtMTAiLCJhIjoiMCJ9XX0.aOCBFnQqDhpVxg-vzSIAZstkEcGySsQh_0zTZSbrKLw/image;s=184x138;q=80', 'https://ireland.apollo.olxcdn.com/v1/files/eyJmbiI6Im15YWFtam10OTFkdi1FQ09TWVNURU0iLCJ3IjpbeyJmbiI6ImVudmZxcWUxYXk0azEtQVBMIiwicyI6IjE0IiwicCI6IjEwLC0xMCIsImEiOiIwIn1dfQ.bDYQJbHOtnSTzlqSAtwNTjMDUC05me0_wPPs4ltHOHc/image;s=184x138;q=80']";573 568 600;parter/4;Zapytaj;;;;Zapytaj;;;Sandra Jasak;Zapytaj;;do wykończenia;1;;;;;;ogródek;;pełna własność;"1-pokojowe mieszkanie numer B.M03 na parterze w Inwestycji Platon Dewelopera Real Development Group
Park im. ks. J. Poniatowskiego (4 minuty spacerem)
Park im. ks. bp. Michała Klepacza (4 minuty spacerem)
Przystanek tramwajowy i autobusowy (4 minuty spacerem)
ul. Piotrkowska (6 minut spacerem)
Politechnika Łódzka (1 minuta spacerem)
Biedronka (11 minut spacerem)

Platon - poznaj inwestycję
Inwestycja Platon to osiedle zlokalizowane przy ulicy Stefanowskiego 24, czyli w południowej części centrum Łodzi. Takie usytuowanie zapewnia świetny dostęp do pełnej infrastruktury miejskiej – w okolicy są liczne parki, punkty handlowo-usługowe, przystanki komunikacji miejskiej oraz Politechnika Łódzka. Dodatkowo inwestycja mieści się w spacerowej odległości od najpopularniejszego łódzkiego pasażu – do ulicy Piotrkowskiej można dojść w 6 minut.
W inwestycji Platon przewidziano łącznie 163 lokale rozplanowane na pięciu kondygnacjach. Oferta obejmuje 68 lokali mieszkalnych o metrażach od 25 do 37 mkw. oraz 95 lokali usługowych o metrażach od 17 do 38 mkw. Dostępne są zarówno jednopokojowe kawalerki z aneksem kuchennym, kompaktowe mieszkania dwupokojowe, jak i lokale usługowe stworzone z przeznaczeniem inwestycyjnym. Wszystkie lokale oddawane są w stanie deweloperskim, jednak istnieje również możliwość skorzystania z opcji wykończenia mieszkania pod klucz – przewdziane zostały trzy pakiety wykończeniowe.

Platon - lokalizacja

Polesie, ul. Stefanowskiego 24
1,1 km do centrum
3 min. spacerem do przystanku autobusowego
4 min. spacerem do przystanku tramwajowego
dojazd do centrum: 6 min samochodem
Istotne punkty w okolicy inwestycji
Restauracja (4 m, 1 minuta spacerem)
Szkoła Wyższa (91 m, 2 minuty spacerem)
Piekarnia (187 m, 3 minuty spacerem)
Przystanek autobusowy (196 m, 3 minuty spacerem)
Apteka (244 m, 4 minuty spacerem)
Przystanek tramwajowy (293 m, 4 minuty spacerem)
Muzeum Oświaty Ziemi Łódzkiej (413 m, 6 minut spacerem)
Poczta (537 m, 7 minut spacerem)
Lekarz (592 m, 8 minut spacerem)
Kawiarnia (575 m, 8 minut spacerem)
Basen (713 m, 9 minut spacerem)
Siłownia (733 m, 10 minut spacerem)
Szkoła Podstawowa (814 m, 11 minut spacerem)
Kino (843 m, 11 minut spacerem)
Park (900 m, 12 minut spacerem)
Sklep: Biedronka (919 m, 12 minut spacerem)
Przedszkole (996 m, 12 minut spacerem)

Oferta pochodzi z serwisu obido";Wirtualny spacer;25,48 m²;63821464;6 miesięcy temu;3 godziny temu
